booking_hour,driver_rating,surge_multiplier,distance,weather,vehicle_type,cancelled
20,2.3,2.48,10.6,Rain,Sedan,1
17,2.3,1.84,2.2,Rain,SUV,1
0,3.7,2.43,28.4,Fog,SUV,1
8,4.4,1.01,32.4,Fog,Hatchback,1
6,4.9,1.67,4.6,Clear,Hatchback,0
19,2.8,1.09,18.9,Clear,Luxury,1
9,4.5,2.24,34.6,Storm,SUV,1
1,4.0,2.55,39.4,Rain,Sedan,1
14,3.9,1.73,15.4,Rain,Hatchback,0
21,3.9,2.22,7.7,Rain,SUV,1
8,5.0,2.28,22.7,Snow,Sedan,1
1,4.4,1.8,3.6,Storm,Hatchback,1
15,3.2,2.83,18.9,Snow,SUV,1
17,3.6,2.49,17.7,Storm,Luxury,1
4,3.5,1.18,2.8,Clear,SUV,0
21,3.3,1.13,15.9,Fog,Bike,1
17,4.6,1.02,29.1,Storm,Hatchback,0
10,2.3,1.87,18.7,Snow,Bike,0
16,4.7,2.74,12.6,Storm,Bike,1
11,4.3,2.08,31.4,Storm,Sedan,1
15,2.1,2.86,35.3,Snow,SUV,1
18,4.8,1.17,20.0,Clear,Bike,0
4,4.0,2.89,7.4,Storm,Bike,1
6,4.8,2.51,27.9,Snow,Luxury,0
20,3.1,2.8,18.6,Rain,SUV,1
0,3.8,1.46,9.6,Clear,Sedan,1
1,4.6,1.14,10.3,Fog,SUV,0
23,4.8,2.14,19.4,Fog,Luxury,1
3,4.0,1.71,17.0,Clear,Sedan,1
23,3.0,2.72,10.7,Rain,Bike,1
13,2.6,1.93,35.1,Clear,Luxury,0
17,2.3,2.3,22.1,Clear,Sedan,0
7,2.5,1.97,9.3,Fog,Sedan,1
0,5.0,1.53,31.6,Fog,Hatchback,1
23,5.0,2.11,29.0,Rain,SUV,1
1,3.7,2.08,30.2,Clear,Sedan,1
16,4.8,2.06,3.2,Storm,Sedan,0
2,3.8,2.35,10.2,Clear,Bike,1
19,2.1,1.16,26.6,Storm,Bike,1
8,2.6,2.43,10.3,Fog,SUV,1
9,3.4,2.86,37.5,Clear,Luxury,1
18,5.0,1.15,9.3,Snow,SUV,0
2,4.6,1.74,7.2,Storm,Hatchback,1
20,3.6,2.34,22.6,Clear,SUV,1
3,4.2,1.31,12.0,Rain,Hatchback,1
20,4.6,2.01,10.8,Clear,Sedan,0
8,2.1,1.67,6.1,Snow,SUV,0
17,4.1,2.12,5.4,Rain,Bike,1
11,3.7,1.3,6.0,Snow,Hatchback,0
1,4.7,1.42,10.7,Clear,Hatchback,0
13,4.9,2.5,37.1,Rain,SUV,0
5,4.6,1.05,29.7,Snow,Luxury,0
23,4.4,1.53,31.7,Clear,Luxury,0
15,2.7,2.63,19.0,Snow,SUV,1
21,2.6,1.66,34.7,Snow,Hatchback,1
12,4.0,2.69,13.9,Clear,Sedan,0
8,2.5,2.93,11.4,Clear,Bike,1
23,4.4,1.87,39.4,Clear,Luxury,0
6,2.8,2.42,1.1,Storm,SUV,1
2,4.8,2.84,25.3,Clear,Hatchback,1
21,3.2,1.8,12.5,Rain,SUV,1
12,4.0,2.81,25.0,Snow,Luxury,0
0,2.9,1.42,31.6,Storm,Hatchback,1
14,4.0,2.02,32.0,Rain,Sedan,1
21,3.9,1.67,32.9,Rain,Hatchback,1
6,2.4,1.09,39.4,Storm,Sedan,1
20,3.7,2.44,16.0,Fog,SUV,1
22,2.0,2.5,31.0,Clear,Luxury,1
22,3.6,1.1,10.7,Clear,Luxury,1
14,4.0,2.98,24.2,Fog,Bike,0
16,3.3,2.81,18.4,Rain,Luxury,1
7,4.5,1.55,31.3,Fog,SUV,1
2,4.1,1.47,14.1,Storm,Sedan,1
7,3.1,1.31,9.3,Fog,Luxury,1
14,3.2,1.41,17.4,Storm,Sedan,0
18,3.1,1.01,14.7,Fog,Luxury,0
23,3.6,2.21,9.6,Rain,Hatchback,1
0,3.2,2.34,32.1,Rain,Luxury,0
19,3.6,2.81,24.1,Clear,Sedan,0
4,4.6,1.36,11.1,Snow,SUV,0
10,4.3,1.76,30.3,Fog,Hatchback,0
15,2.1,2.08,40.0,Snow,SUV,1
20,2.1,1.06,10.6,Clear,Bike,1
4,3.4,1.23,38.0,Fog,Hatchback,0
5,3.8,2.93,29.0,Rain,Hatchback,1
0,4.8,2.15,36.4,Fog,Luxury,0
6,2.2,2.38,25.5,Clear,Hatchback,0
19,4.4,2.59,23.1,Clear,Hatchback,0
21,3.1,2.01,14.3,Fog,Luxury,1
11,3.9,2.66,28.6,Fog,SUV,0
20,2.8,2.62,22.0,Fog,Luxury,1
23,3.8,1.64,10.6,Clear,Hatchback,0
7,4.3,2.14,27.1,Snow,Sedan,1
10,2.5,1.42,32.1,Snow,Hatchback,0
22,4.6,2.11,21.1,Rain,Sedan,1
13,3.5,2.52,27.9,Fog,Luxury,0
2,2.9,1.81,10.5,Storm,Hatchback,1
16,3.0,2.99,22.5,Snow,Luxury,1
8,2.7,2.44,13.3,Storm,SUV,1
23,3.5,2.45,39.1,Storm,Bike,1
3,4.5,1.59,15.1,Snow,Sedan,0
4,2.8,2.95,22.6,Rain,Luxury,1
0,3.7,1.94,18.2,Rain,Sedan,1
15,2.3,1.13,20.2,Storm,Sedan,1
18,4.8,1.17,10.7,Storm,Luxury,0
19,2.7,2.05,18.6,Fog,Hatchback,0
13,2.9,2.24,24.8,Clear,SUV,0
8,4.0,1.31,7.8,Clear,SUV,1
14,4.1,1.94,2.3,Snow,Hatchback,0
14,2.2,1.47,11.3,Storm,SUV,1
17,2.7,1.3,11.4,Rain,Sedan,1
9,3.8,2.65,36.9,Fog,Sedan,1
9,4.1,2.89,20.5,Fog,Luxury,1
1,4.7,2.47,24.5,Clear,Sedan,1
21,4.5,2.15,38.1,Snow,Bike,1
5,3.4,2.3,36.7,Rain,Bike,1
15,4.9,1.94,16.9,Snow,Sedan,0
10,3.2,1.99,26.8,Fog,Bike,1
2,2.9,1.65,38.8,Fog,Bike,1
0,4.0,2.09,17.1,Rain,Bike,1
15,3.9,2.52,8.9,Storm,SUV,0
14,4.6,1.97,2.1,Storm,SUV,0
9,3.7,2.1,4.6,Clear,Luxury,0
20,4.5,2.0,28.9,Storm,Hatchback,1
15,4.9,1.49,22.5,Fog,SUV,0
16,4.2,1.27,3.7,Fog,Hatchback,0
16,2.8,1.01,29.3,Storm,Bike,0
15,4.6,1.89,19.9,Snow,Bike,0
12,3.4,1.64,8.4,Rain,Bike,1
13,2.1,2.49,28.5,Fog,Luxury,0
20,4.9,1.99,2.4,Storm,Bike,1
3,4.6,1.88,21.5,Fog,Sedan,0
13,4.6,2.94,3.9,Snow,Hatchback,0
12,3.9,2.7,34.2,Storm,Luxury,0
20,4.2,2.52,35.0,Clear,Bike,1
20,4.1,1.57,9.9,Clear,Luxury,0
20,4.1,1.2,7.5,Snow,Sedan,1
1,2.9,1.75,6.7,Storm,Luxury,1
5,2.5,1.16,35.0,Storm,SUV,1
18,2.4,1.92,10.9,Snow,Sedan,0
14,4.7,2.36,7.2,Fog,Hatchback,0
9,3.9,1.85,10.8,Snow,SUV,0
15,2.3,1.76,15.0,Snow,Hatchback,1
21,3.2,1.02,34.7,Clear,Bike,0
9,4.3,1.46,32.3,Rain,SUV,0
21,4.3,2.53,27.6,Rain,Sedan,0
20,2.1,2.58,2.3,Snow,SUV,1
9,3.0,1.83,8.8,Storm,Hatchback,1
8,4.5,1.51,33.2,Fog,Hatchback,0
10,4.4,1.94,3.9,Rain,Luxury,0
17,3.1,2.58,1.5,Storm,Sedan,1
21,4.2,1.52,15.9,Snow,Sedan,0
15,2.1,2.77,22.9,Storm,SUV,1
20,4.5,2.82,12.8,Fog,Sedan,1
1,2.9,1.99,4.8,Storm,SUV,1
11,4.0,2.49,37.9,Fog,Bike,0
4,4.7,2.31,33.5,Storm,Luxury,0
8,2.1,1.74,18.3,Rain,Hatchback,1
21,3.1,2.8,26.1,Clear,Luxury,1
3,4.8,2.65,4.6,Rain,Bike,0
1,4.4,1.49,5.9,Storm,SUV,1
17,2.6,1.43,34.9,Snow,SUV,0
19,2.0,2.72,6.6,Rain,Bike,1
5,2.3,2.73,6.1,Snow,SUV,1
0,2.5,1.1,29.9,Storm,Sedan,1
15,3.3,1.72,24.2,Fog,Bike,1
19,2.1,2.57,34.8,Storm,Hatchback,1
0,2.2,1.96,16.7,Clear,Luxury,0
14,2.2,1.16,24.7,Clear,SUV,1
20,3.8,2.42,15.9,Storm,Bike,1
16,3.8,1.2,28.4,Storm,SUV,1
7,3.2,2.65,16.6,Clear,Hatchback,1
21,2.8,2.91,27.8,Fog,Sedan,1
2,2.3,1.19,29.8,Rain,Bike,1
17,3.7,2.34,17.0,Fog,Sedan,0
19,2.9,1.21,20.8,Rain,Luxury,1
3,3.1,2.11,5.5,Snow,Bike,1
13,4.5,2.95,32.9,Storm,Bike,1
21,4.5,1.53,8.0,Snow,Hatchback,1
5,4.6,2.13,16.6,Rain,Sedan,1
16,2.6,1.84,14.3,Snow,Hatchback,0
18,3.8,2.77,7.1,Storm,Sedan,1
8,3.3,1.85,24.7,Fog,Hatchback,1
16,2.3,1.86,12.0,Storm,Luxury,1
9,2.1,1.79,24.4,Clear,SUV,1
6,4.3,2.53,12.3,Clear,Sedan,0
13,2.5,1.76,28.4,Storm,Bike,1
11,2.2,2.72,2.6,Clear,Luxury,0
10,3.7,2.15,28.7,Fog,Hatchback,1
0,4.9,1.34,38.0,Fog,Hatchback,1
3,2.7,2.18,21.4,Fog,Hatchback,1
7,3.0,1.34,20.9,Clear,Bike,1
11,3.1,2.92,26.2,Rain,SUV,1
8,2.6,2.2,30.6,Clear,SUV,0
20,3.5,2.51,30.6,Fog,Bike,1
19,3.0,2.94,13.3,Fog,Sedan,1
20,2.9,1.55,3.2,Storm,Sedan,1
14,2.1,1.74,12.2,Clear,Bike,0
12,3.4,2.11,31.9,Clear,Luxury,0
18,4.0,1.64,19.5,Rain,Sedan,1
10,4.9,1.17,26.2,Clear,SUV,0
14,3.6,2.22,15.2,Snow,Luxury,1
10,4.0,1.1,25.6,Snow,Sedan,1
17,4.0,1.57,29.2,Storm,SUV,1
18,4.0,2.83,13.1,Fog,SUV,0
2,2.9,1.75,31.9,Rain,Bike,1
21,3.3,1.72,15.1,Rain,SUV,1
15,2.6,3.0,7.0,Snow,Sedan,1
17,4.5,2.77,2.5,Snow,Bike,1
12,2.5,1.36,28.0,Storm,SUV,0
1,3.2,2.35,10.3,Fog,Bike,1
23,4.4,1.47,10.3,Fog,SUV,0
18,5.0,1.92,12.0,Fog,Bike,0
5,4.5,2.6,6.4,Snow,Sedan,1
11,3.7,1.21,34.0,Clear,Hatchback,1
5,2.8,2.81,6.7,Fog,Sedan,0
7,4.5,2.77,37.3,Fog,Sedan,1
11,2.7,2.99,15.6,Clear,Hatchback,0
22,3.9,2.58,6.4,Snow,Luxury,1
4,4.3,1.94,25.0,Clear,Sedan,1
4,3.6,2.45,21.6,Clear,Hatchback,1
3,2.1,1.84,32.0,Fog,Sedan,1
15,3.8,1.03,21.1,Rain,SUV,1
0,3.8,1.48,17.2,Clear,Bike,0
2,4.9,2.09,31.7,Storm,Bike,1
15,2.1,1.77,15.6,Clear,Hatchback,0
11,2.7,2.31,5.0,Storm,Hatchback,1
11,3.6,2.63,7.8,Fog,Luxury,0
4,2.2,2.55,18.8,Snow,SUV,1
6,4.7,1.63,13.1,Fog,Bike,0
1,4.3,1.38,14.9,Clear,Hatchback,1
11,3.3,1.8,18.1,Fog,Hatchback,0
15,4.1,1.73,32.1,Snow,Sedan,0
2,3.3,2.99,8.0,Snow,Hatchback,1
10,4.0,1.61,24.5,Fog,SUV,0
11,3.3,2.45,36.6,Storm,Luxury,1
1,2.2,2.28,15.2,Rain,Sedan,1
19,4.0,1.88,5.9,Rain,Hatchback,1
18,2.1,1.31,18.5,Snow,Hatchback,1
2,3.7,2.06,16.5,Snow,SUV,0
0,4.2,2.0,16.1,Storm,Sedan,1
8,4.1,1.43,24.9,Fog,SUV,1
2,3.4,2.8,18.4,Clear,Hatchback,1
22,2.2,2.08,35.8,Rain,SUV,1
16,2.7,2.97,31.9,Rain,Luxury,1
17,3.7,1.93,39.3,Rain,Bike,0
2,2.9,3.0,29.0,Storm,Luxury,1
18,2.2,2.94,26.1,Fog,Luxury,1
11,2.4,2.66,22.5,Storm,SUV,1
4,3.3,2.82,3.2,Clear,Bike,1
5,2.5,2.87,9.8,Storm,Hatchback,1
8,2.6,2.91,11.7,Snow,Bike,1
16,3.9,2.18,23.6,Rain,Bike,0
19,3.0,2.85,2.6,Clear,Sedan,1
20,4.3,1.53,9.2,Storm,Luxury,0
0,3.5,2.25,12.3,Snow,Luxury,1
21,3.2,1.91,27.9,Rain,Luxury,1
14,2.6,2.21,13.2,Snow,Hatchback,0
4,4.3,2.03,5.1,Rain,Luxury,1
14,2.7,1.19,12.3,Fog,Bike,1
5,4.4,2.87,29.1,Rain,SUV,1
16,3.4,2.76,20.4,Clear,Luxury,1
7,2.6,1.71,3.0,Fog,Bike,0
20,4.0,1.57,1.3,Clear,Luxury,1
8,4.2,2.53,15.3,Fog,Sedan,0
6,3.1,1.58,16.1,Fog,Bike,1
19,4.0,1.24,39.0,Fog,Hatchback,0
10,3.7,1.73,6.6,Storm,Bike,1
1,2.1,1.27,14.0,Fog,Bike,1
19,4.7,1.28,37.3,Snow,SUV,1
19,4.2,1.6,14.1,Storm,Bike,1
18,2.9,2.63,15.4,Clear,Luxury,1
23,4.6,2.26,24.3,Snow,Bike,1
23,2.2,1.96,21.4,Storm,Luxury,1
21,2.7,2.15,28.3,Rain,Sedan,1
13,2.5,2.38,17.0,Storm,Luxury,0
23,4.2,2.41,21.2,Storm,Hatchback,0
15,3.6,1.63,7.8,Storm,Hatchback,1
21,4.3,2.44,26.1,Snow,Bike,1
7,2.8,1.6,37.7,Snow,Hatchback,1
22,4.1,1.63,14.6,Snow,Hatchback,1
21,3.6,2.79,16.4,Snow,SUV,1
9,4.9,1.16,37.0,Snow,Luxury,1
17,2.8,2.12,11.6,Clear,Bike,0
7,2.7,2.34,21.7,Rain,Sedan,1
10,4.2,1.2,31.1,Clear,Bike,0
5,3.2,2.87,35.3,Fog,SUV,1
9,3.0,2.29,36.4,Clear,Bike,1
23,4.2,2.87,36.6,Rain,Luxury,0
5,4.8,1.07,33.6,Fog,SUV,0
9,4.6,1.02,23.2,Clear,Hatchback,0
20,3.6,1.99,37.6,Storm,Luxury,1
3,3.0,2.46,26.3,Rain,Sedan,1
9,3.7,2.51,7.8,Fog,Luxury,1
2,3.2,1.19,39.3,Fog,Hatchback,0
0,2.8,1.47,30.4,Snow,Hatchback,1
18,2.0,2.31,28.0,Clear,Sedan,1
5,3.2,2.01,35.9,Snow,Sedan,1
9,3.1,1.44,38.3,Fog,SUV,1
19,3.1,2.4,36.6,Storm,SUV,1
21,4.3,2.75,4.2,Fog,Bike,0
2,4.8,1.22,33.3,Storm,SUV,1
4,2.5,2.71,18.2,Rain,Bike,1
16,3.3,1.11,6.1,Fog,Luxury,0
17,3.4,2.61,29.2,Fog,Hatchback,1
23,2.7,1.15,17.5,Clear,Bike,0
2,5.0,1.94,12.2,Rain,SUV,0
23,3.9,1.84,39.7,Fog,Luxury,0
12,3.1,2.37,26.8,Storm,SUV,1
11,2.4,2.99,16.3,Rain,SUV,0
0,4.9,1.93,29.0,Fog,Bike,1
7,2.7,1.69,11.8,Clear,Sedan,0
13,3.8,2.87,35.7,Rain,SUV,1
19,2.1,2.2,28.4,Clear,SUV,0
12,3.3,2.08,30.4,Clear,SUV,1
9,2.7,2.83,23.5,Storm,Bike,1
10,2.7,2.75,39.4,Storm,SUV,1
8,2.2,2.9,35.3,Rain,Luxury,1
1,4.9,2.88,27.2,Storm,Hatchback,1
13,2.4,1.75,30.4,Fog,SUV,0
9,4.6,1.29,19.1,Clear,Bike,0
13,3.7,1.27,10.5,Rain,Hatchback,0
14,4.5,1.18,29.3,Rain,Sedan,1
21,3.8,1.08,3.8,Storm,Bike,1
6,4.6,1.67,38.3,Clear,SUV,0
23,2.4,3.0,19.7,Rain,Bike,1
12,4.7,2.1,31.2,Fog,Luxury,0
11,2.9,1.72,35.4,Fog,Sedan,0
23,3.4,2.68,36.7,Snow,Hatchback,1
18,4.6,2.48,1.6,Storm,Bike,1
13,2.9,1.39,10.0,Storm,SUV,1
20,4.8,1.68,30.8,Fog,Luxury,0
23,4.4,1.34,29.1,Fog,SUV,0
17,5.0,2.91,21.4,Clear,Sedan,0
13,2.4,2.26,3.7,Rain,Sedan,1
14,3.1,2.24,27.0,Storm,Luxury,1
0,2.0,2.1,1.5,Storm,Hatchback,1
9,2.1,2.63,27.3,Rain,Sedan,0
16,2.4,1.38,21.5,Snow,Hatchback,0
2,3.1,1.81,23.0,Rain,Hatchback,1
2,4.0,2.72,30.6,Clear,Luxury,1
17,3.4,2.27,28.4,Clear,Luxury,0
20,4.4,2.13,34.5,Clear,Bike,0
7,2.6,2.74,35.6,Fog,Hatchback,1
2,4.1,1.56,22.2,Clear,SUV,0
10,2.0,1.41,6.6,Fog,Sedan,1
18,2.7,2.67,16.2,Storm,Hatchback,1
23,2.4,2.98,29.2,Storm,Hatchback,1
13,2.7,1.15,24.6,Storm,Bike,1
10,2.1,1.55,39.7,Fog,SUV,1
12,3.3,2.36,26.8,Clear,Bike,1
7,4.1,1.16,7.0,Rain,Luxury,0
3,2.3,2.89,18.3,Snow,Sedan,1
5,3.3,2.11,21.0,Clear,Sedan,1
17,2.3,2.2,13.7,Fog,Sedan,1
12,4.3,2.45,22.8,Rain,Bike,1
21,3.1,1.28,12.7,Fog,SUV,1
13,2.8,1.6,31.5,Snow,Hatchback,0
23,3.9,2.19,8.6,Clear,SUV,1
12,3.0,2.24,32.4,Snow,Luxury,1
20,4.9,1.27,13.5,Rain,Luxury,0
12,4.9,1.58,28.1,Fog,Bike,0
10,3.1,2.63,16.3,Clear,Bike,1
17,2.5,2.54,2.0,Fog,SUV,1
9,4.5,1.14,34.1,Fog,Luxury,1
9,2.7,2.32,28.9,Fog,Sedan,1
19,3.4,1.8,20.8,Fog,Bike,1
11,4.1,2.62,24.2,Clear,Sedan,0
21,4.0,1.33,24.9,Storm,Luxury,0
10,4.9,1.86,1.4,Snow,SUV,0
16,3.7,2.38,9.6,Snow,Luxury,1
21,3.8,2.0,14.5,Clear,Luxury,1
13,4.8,1.17,33.4,Rain,Hatchback,1
14,4.4,2.04,14.6,Clear,Luxury,0
14,3.0,1.6,32.6,Clear,Sedan,0
20,2.3,2.6,37.3,Rain,Bike,1
5,3.0,1.85,19.0,Fog,SUV,1
21,3.3,1.06,25.0,Rain,Luxury,0
12,2.0,1.43,11.9,Clear,Bike,1
17,2.6,1.65,18.8,Snow,Luxury,1
20,2.9,1.78,16.3,Clear,Hatchback,1
14,3.9,2.63,28.5,Snow,Bike,1
21,2.4,1.24,12.9,Rain,Hatchback,0
16,3.2,2.19,23.4,Fog,SUV,1
17,4.1,2.29,40.0,Storm,SUV,1
4,2.6,2.68,25.2,Snow,Sedan,1
6,4.4,2.93,20.7,Fog,Luxury,0
13,4.1,1.89,7.5,Storm,Sedan,0
7,2.9,1.55,22.0,Rain,Luxury,1
15,3.6,1.23,5.5,Storm,Hatchback,0
1,4.3,1.88,9.5,Fog,Sedan,0
20,4.3,1.6,40.0,Fog,Hatchback,1
2,3.3,2.99,31.2,Rain,SUV,1
18,4.1,2.72,24.8,Fog,SUV,0
6,4.4,2.61,23.2,Storm,Hatchback,1
5,3.0,2.41,12.3,Snow,Bike,0
21,4.4,1.27,30.3,Fog,Sedan,0
20,2.4,2.73,10.7,Snow,SUV,1
21,3.2,1.28,25.7,Fog,Luxury,1
20,4.4,2.54,16.7,Snow,Hatchback,1
15,3.0,1.0,31.2,Clear,Luxury,0
22,3.1,1.13,21.8,Rain,Luxury,0
15,2.8,2.66,14.2,Storm,SUV,1
15,4.4,2.79,30.7,Clear,Sedan,0
14,2.0,2.86,7.2,Fog,Sedan,0
13,2.6,2.38,6.1,Snow,SUV,0
8,2.3,1.72,4.2,Rain,Sedan,1
9,4.2,2.51,17.7,Clear,Sedan,1
15,2.2,2.19,21.3,Fog,Sedan,1
10,4.5,2.98,17.5,Rain,Luxury,1
12,2.3,2.61,5.0,Snow,Hatchback,1
4,3.9,2.35,3.7,Storm,Sedan,1
5,3.3,2.44,25.5,Rain,Luxury,1
14,4.6,1.17,4.9,Clear,Bike,0
11,4.9,1.63,6.5,Snow,Sedan,1
19,3.8,2.22,31.4,Clear,Hatchback,1
19,3.5,2.5,12.5,Clear,SUV,0
3,2.7,2.28,3.8,Clear,Hatchback,0
4,3.2,2.68,17.4,Storm,SUV,1
2,2.1,1.14,11.2,Clear,Sedan,0
12,3.5,2.26,20.5,Fog,Luxury,0
2,3.9,2.08,7.0,Clear,Hatchback,1
6,4.9,1.31,13.7,Storm,Sedan,1
13,4.2,2.69,3.3,Clear,Luxury,1
19,3.8,1.62,29.9,Rain,Sedan,1
4,4.1,1.33,38.2,Storm,Bike,0
23,2.8,1.74,30.2,Snow,Sedan,1
0,3.0,1.86,21.4,Snow,Bike,1
15,3.4,1.72,20.5,Storm,SUV,1
8,4.3,2.79,27.3,Clear,SUV,0
0,2.1,2.73,10.5,Fog,Hatchback,1
4,2.5,2.92,2.4,Fog,SUV,1
13,4.7,1.64,33.2,Storm,Hatchback,1
21,4.7,1.36,32.4,Clear,Luxury,1
14,4.6,2.55,13.1,Clear,Bike,0
11,2.6,2.13,12.9,Storm,SUV,1
18,4.9,3.0,31.3,Storm,SUV,1
13,2.1,2.08,25.8,Clear,Hatchback,1
21,3.1,2.48,13.0,Rain,Bike,0
13,3.5,1.12,39.9,Snow,Sedan,1
7,4.7,2.04,28.3,Snow,Luxury,0
2,3.7,2.01,25.9,Fog,Sedan,1
1,3.3,2.93,10.2,Snow,Hatchback,0
12,4.1,2.47,13.4,Snow,SUV,1
6,2.4,2.54,5.2,Clear,SUV,1
10,3.2,2.07,38.6,Rain,Luxury,1
8,4.6,1.18,32.5,Snow,Bike,1
10,2.4,2.42,38.8,Fog,Bike,1
9,2.8,2.98,2.2,Fog,Luxury,1
17,2.7,1.92,32.4,Rain,Sedan,1
7,2.4,2.65,15.5,Clear,Bike,1
2,2.1,1.13,36.2,Fog,SUV,1
10,2.4,2.88,3.0,Storm,Luxury,0
12,3.5,1.77,17.6,Snow,SUV,0
8,2.8,2.77,2.4,Storm,Bike,1
9,3.5,2.77,19.7,Clear,Hatchback,1
13,2.6,2.77,21.5,Storm,Sedan,0
22,3.1,2.09,19.9,Storm,Bike,1
8,2.5,1.64,9.5,Snow,Sedan,0
15,3.6,2.53,40.0,Rain,Sedan,1
7,2.8,2.63,36.8,Clear,SUV,1
12,3.1,2.68,34.0,Rain,SUV,1
23,4.1,2.83,2.1,Snow,Bike,1
18,4.8,2.67,32.6,Fog,Bike,1
15,2.1,1.11,24.5,Clear,Bike,0
10,4.8,1.4,6.1,Rain,Hatchback,1
4,3.8,2.83,31.2,Storm,Hatchback,0
11,4.1,2.32,23.9,Snow,Hatchback,1
5,4.2,1.87,25.9,Fog,Hatchback,1
17,4.1,2.86,31.7,Rain,Bike,0
12,2.9,2.38,6.0,Clear,Bike,1
18,2.1,2.2,36.9,Storm,SUV,1
3,4.8,1.28,30.1,Rain,Hatchback,0
5,3.9,2.93,33.0,Snow,Luxury,1
6,2.7,1.14,11.0,Clear,Sedan,1
14,4.2,2.94,35.5,Fog,Luxury,1
12,2.3,1.96,34.7,Rain,SUV,1
1,2.9,1.64,38.1,Clear,Hatchback,1
12,2.5,1.15,37.7,Clear,Hatchback,0
19,4.7,2.41,17.8,Rain,Bike,0
5,2.2,1.66,39.0,Fog,Bike,1
23,3.6,2.32,12.6,Clear,Sedan,1
17,4.5,1.31,15.1,Fog,Sedan,1
21,3.9,1.96,4.8,Rain,SUV,0
2,3.4,1.23,31.6,Fog,Luxury,0
8,2.3,2.09,8.2,Fog,Hatchback,1
1,2.8,1.93,9.8,Snow,Bike,1
22,4.0,1.17,14.4,Storm,Luxury,0
18,2.7,1.12,16.1,Storm,Luxury,0
21,4.6,1.95,35.4,Fog,Hatchback,1
22,2.1,2.14,21.2,Storm,Bike,1
14,2.5,2.97,38.9,Rain,SUV,1
2,5.0,1.87,39.9,Rain,Bike,1
23,4.7,1.13,16.1,Fog,Bike,1
8,3.6,2.83,1.5,Storm,Bike,1
13,2.3,1.3,23.1,Storm,Sedan,0
18,4.3,2.57,34.8,Snow,Luxury,1
20,3.5,2.22,2.5,Snow,Luxury,1
19,4.0,1.8,16.4,Snow,SUV,1
15,4.8,2.79,1.8,Snow,Hatchback,1
15,4.6,2.37,38.9,Rain,SUV,1
23,3.3,2.65,11.5,Fog,Bike,1
6,3.3,2.83,16.9,Fog,Bike,0
1,3.5,1.32,13.1,Storm,Luxury,1
16,4.6,1.06,8.5,Rain,Sedan,1
14,2.2,1.72,8.8,Snow,Luxury,1
20,4.8,2.36,10.4,Fog,Bike,1
15,3.8,1.7,7.4,Snow,Sedan,1
12,2.1,2.71,31.4,Rain,SUV,1
21,2.6,2.3,21.0,Clear,Luxury,0
20,2.5,2.6,9.7,Storm,Hatchback,1
22,3.9,1.85,15.7,Snow,Luxury,1
14,2.9,2.04,25.3,Storm,Sedan,1
21,4.9,2.68,22.9,Storm,Bike,1
21,2.3,1.13,39.5,Snow,Hatchback,1
22,4.9,2.3,8.3,Storm,SUV,0
19,3.2,1.64,6.5,Clear,Luxury,0
8,4.7,1.81,29.7,Storm,Bike,0
10,4.2,1.44,21.9,Fog,Hatchback,0
5,4.5,2.75,8.1,Clear,Luxury,1
8,4.2,2.12,36.6,Snow,Sedan,1
7,4.2,1.61,31.7,Snow,Hatchback,1
9,3.4,1.24,3.1,Storm,Bike,0
2,3.4,1.39,5.7,Fog,Bike,1
1,4.6,1.3,39.7,Snow,Luxury,0
14,2.4,2.72,8.0,Clear,Luxury,1
5,2.9,1.12,18.6,Rain,SUV,1
5,3.5,2.53,4.4,Storm,Luxury,1
12,3.3,1.95,1.2,Storm,SUV,0
0,4.7,2.51,21.7,Clear,Sedan,0
7,2.7,2.75,13.2,Clear,Luxury,1
9,2.5,2.65,12.6,Snow,Luxury,1
19,3.6,1.87,27.8,Rain,Hatchback,0
15,3.1,1.38,38.0,Fog,Sedan,1
23,5.0,1.42,1.9,Storm,SUV,1
22,4.0,1.07,35.2,Snow,Bike,1
19,5.0,2.32,26.5,Clear,Sedan,0
13,3.3,1.25,10.9,Rain,SUV,0
20,2.0,1.84,4.9,Storm,Hatchback,1
22,2.4,2.66,5.1,Storm,Sedan,1
3,3.5,2.22,31.3,Storm,SUV,1
13,2.9,1.08,20.4,Rain,Luxury,1
0,2.0,1.18,5.3,Storm,Luxury,1
2,4.3,1.15,29.2,Snow,SUV,1
9,2.8,1.1,32.7,Clear,Hatchback,1
21,2.9,2.48,4.7,Clear,Sedan,0
21,3.9,1.66,35.9,Storm,Hatchback,0
2,3.1,1.69,5.4,Fog,Luxury,1
12,4.1,1.96,17.4,Rain,Sedan,1
23,2.2,2.88,7.2,Fog,Bike,1
18,4.0,1.36,15.8,Snow,Bike,1
21,4.6,2.45,35.8,Fog,Luxury,1
13,3.3,1.13,26.5,Clear,Bike,0
18,4.2,1.45,38.3,Snow,Bike,1
22,3.9,1.87,29.3,Fog,Hatchback,1
20,3.2,2.68,22.8,Storm,Sedan,1
5,3.5,1.94,20.3,Rain,Sedan,0
10,2.7,2.94,3.0,Rain,Bike,1
12,4.5,1.16,18.3,Storm,Luxury,1
15,3.3,1.24,20.4,Clear,Sedan,0
1,3.7,1.0,4.5,Storm,Bike,1
16,3.7,2.31,18.8,Snow,Hatchback,0
7,4.5,1.66,30.9,Storm,Luxury,0
11,4.1,1.23,30.6,Rain,Sedan,1
20,4.9,1.58,21.4,Clear,Sedan,0
15,2.4,2.43,29.1,Clear,Hatchback,1
6,2.4,2.7,9.4,Rain,Hatchback,1
13,2.1,2.27,27.2,Clear,Luxury,1
18,4.9,1.27,20.5,Storm,Sedan,0
13,4.5,1.97,20.8,Rain,Bike,1
4,2.3,2.32,24.6,Snow,Bike,1
13,4.9,2.83,30.7,Snow,Luxury,0
9,3.4,1.27,17.1,Storm,Hatchback,0
17,4.6,2.42,37.5,Rain,SUV,1
22,2.9,1.69,27.2,Rain,Bike,1
20,3.0,1.23,14.7,Fog,Bike,0
21,4.1,2.35,35.9,Storm,Hatchback,0
13,4.4,2.05,2.0,Rain,Sedan,0
6,2.8,2.57,39.4,Snow,SUV,0
22,4.4,1.41,22.1,Snow,Luxury,1
21,4.2,2.73,30.0,Storm,Luxury,1
22,2.9,2.33,37.1,Fog,Luxury,0
21,2.9,2.1,1.5,Snow,SUV,1
14,4.5,2.82,28.5,Snow,Bike,1
19,2.6,2.45,8.5,Fog,SUV,0
2,2.6,1.35,21.0,Fog,Sedan,1
17,2.8,1.32,34.0,Clear,Hatchback,1
4,2.1,2.86,24.3,Storm,Hatchback,1
18,3.7,1.15,28.6,Storm,SUV,0
16,2.2,2.01,17.2,Storm,Luxury,1
7,4.7,2.33,13.9,Snow,SUV,0
19,3.6,2.99,33.1,Clear,Sedan,0
14,2.7,2.28,36.8,Rain,Sedan,1
10,3.1,2.59,5.4,Snow,Bike,1
0,4.7,2.64,15.6,Storm,Luxury,1
9,4.7,1.39,21.0,Clear,SUV,0
17,3.6,2.25,9.2,Rain,Luxury,0
6,3.6,2.41,39.1,Fog,Sedan,0
4,2.1,2.43,2.5,Clear,Sedan,1
8,3.7,2.15,9.9,Snow,Luxury,1
20,3.2,1.63,16.2,Clear,Bike,1
23,3.9,2.51,23.8,Clear,Hatchback,0
3,2.9,2.37,24.7,Snow,Luxury,1
21,2.1,1.31,9.6,Fog,Bike,1
20,2.4,2.35,36.7,Snow,Sedan,1
17,2.4,1.08,23.3,Fog,Bike,1
2,2.9,2.5,36.2,Snow,SUV,1
20,4.6,1.28,8.2,Storm,Hatchback,1
5,4.0,2.13,3.1,Storm,Luxury,1
2,2.9,1.13,4.8,Storm,Luxury,0
11,2.4,2.31,4.9,Storm,Sedan,0
10,3.5,1.66,26.7,Storm,SUV,1
11,4.4,2.92,7.6,Snow,SUV,0
22,4.2,1.87,33.8,Rain,Hatchback,0
14,3.3,2.55,20.0,Clear,SUV,0
2,4.5,2.72,6.5,Storm,SUV,1
20,2.2,1.15,1.7,Storm,Sedan,0
18,3.2,2.18,36.3,Storm,Hatchback,1
17,3.4,2.55,15.3,Rain,Bike,1
9,2.4,2.0,4.5,Snow,Bike,1
7,4.5,2.61,24.9,Rain,Bike,1
5,2.5,2.9,26.7,Rain,Luxury,0
1,2.7,1.98,3.5,Snow,SUV,1
6,3.6,2.58,16.1,Fog,Sedan,1
20,3.0,2.41,21.3,Snow,Hatchback,1
18,2.5,2.31,15.2,Clear,Bike,1
7,3.5,1.71,34.8,Fog,Luxury,0
0,3.5,1.28,7.5,Clear,Bike,0
6,2.5,1.31,24.5,Clear,SUV,0
10,4.2,1.96,19.7,Rain,Bike,1
13,2.1,1.09,23.4,Rain,SUV,0
1,4.7,1.29,7.5,Rain,Bike,0
19,4.9,2.28,35.3,Snow,Sedan,1
19,5.0,2.73,7.7,Fog,Bike,1
18,4.5,1.36,26.7,Snow,SUV,0
10,4.8,2.19,3.7,Fog,Luxury,1
0,2.6,2.72,20.7,Fog,SUV,1
5,3.4,2.23,2.5,Storm,Bike,1
2,3.4,1.26,24.5,Clear,Luxury,0
11,4.6,2.4,17.7,Fog,Luxury,1
23,4.7,2.67,23.5,Fog,SUV,1
7,4.7,1.17,24.3,Storm,Luxury,1
0,4.1,2.58,23.5,Clear,Bike,1
20,2.6,2.61,16.9,Clear,SUV,1
18,2.8,2.71,17.5,Snow,Bike,1
21,3.2,1.41,22.5,Storm,Luxury,1
17,3.7,1.51,13.0,Snow,Luxury,0
21,2.4,1.46,31.5,Rain,Sedan,1
12,4.4,2.6,24.9,Clear,SUV,0
20,2.0,1.18,6.7,Storm,Luxury,1
8,2.7,1.16,2.5,Fog,Luxury,0
16,2.9,2.93,3.2,Rain,Luxury,1
6,4.6,2.86,21.2,Rain,Sedan,0
16,3.5,1.46,7.6,Clear,Hatchback,1
0,4.9,1.17,11.8,Fog,Hatchback,0
12,3.8,2.04,29.7,Clear,Sedan,0
23,4.5,2.83,14.6,Snow,SUV,1
6,3.4,1.81,1.2,Rain,Luxury,1
17,2.2,1.59,37.9,Storm,Hatchback,1
18,2.8,1.89,15.7,Fog,SUV,0
14,4.0,2.79,34.6,Fog,Sedan,1
12,3.9,2.99,27.4,Rain,Hatchback,1
11,3.5,1.02,33.5,Rain,Hatchback,1
21,4.2,1.68,22.6,Rain,Luxury,1
6,4.7,1.54,37.9,Rain,Luxury,0
7,4.2,2.75,9.1,Rain,SUV,0
11,2.5,1.21,36.9,Fog,Bike,1
17,4.9,2.7,15.5,Snow,Luxury,0
18,4.6,1.98,39.4,Storm,Hatchback,1
18,2.4,2.05,17.5,Storm,Sedan,1
12,4.6,2.55,18.8,Clear,Bike,0
22,2.0,2.35,15.8,Clear,Hatchback,1
8,2.6,1.53,11.5,Storm,Hatchback,1
15,3.3,1.84,30.3,Snow,Luxury,1
5,3.7,2.96,27.8,Clear,Hatchback,0
17,3.3,1.76,6.7,Rain,Luxury,0
5,3.3,1.27,35.8,Storm,Bike,1
15,2.9,2.12,23.1,Fog,Sedan,0
1,2.6,1.51,33.7,Clear,Luxury,0
8,3.1,2.12,37.3,Snow,Hatchback,1
3,3.1,2.36,24.6,Storm,Bike,1
17,2.5,2.56,14.8,Storm,Luxury,1
14,4.7,1.76,12.2,Rain,SUV,0
10,3.3,2.22,16.8,Clear,Sedan,1
7,2.9,2.31,28.7,Storm,Luxury,1
14,4.3,2.88,30.2,Storm,Luxury,1
5,4.6,1.25,10.2,Snow,Sedan,1
12,2.3,1.13,35.3,Storm,Sedan,1
12,3.6,2.99,5.1,Storm,SUV,1
12,2.9,1.49,12.1,Rain,SUV,0
5,2.1,2.33,34.6,Snow,Luxury,1
17,4.8,2.1,6.3,Storm,SUV,1
14,3.9,2.27,23.0,Storm,Bike,1
11,3.4,1.45,4.5,Snow,Hatchback,1
4,2.9,1.0,32.8,Rain,Hatchback,1
17,2.0,2.84,37.9,Fog,Hatchback,1
13,4.4,2.19,32.1,Storm,Hatchback,1
17,3.3,1.5,28.9,Fog,Luxury,1
2,3.3,1.48,30.8,Storm,Hatchback,1
23,3.6,1.54,8.3,Clear,SUV,1
3,3.9,2.24,11.6,Storm,Luxury,1
0,2.5,2.94,1.9,Clear,Hatchback,1
22,3.3,1.02,4.5,Clear,Luxury,1
13,2.9,2.6,39.9,Fog,Sedan,1
4,2.2,2.55,3.8,Fog,SUV,1
8,4.5,2.66,5.8,Rain,Luxury,0
14,2.7,2.99,8.8,Clear,Bike,0
6,3.4,2.36,13.2,Snow,SUV,1
1,4.2,2.1,5.8,Fog,Hatchback,1
1,4.6,1.44,5.4,Fog,Hatchback,1
8,3.8,1.79,10.5,Clear,Bike,0
15,4.1,1.31,31.1,Rain,SUV,0
21,3.9,2.86,39.9,Clear,Sedan,1
4,4.1,2.58,5.9,Rain,Hatchback,0
20,4.3,2.61,18.1,Rain,Sedan,0
11,4.2,1.5,2.5,Fog,Bike,0
22,3.5,2.13,22.2,Snow,Luxury,1
19,4.7,2.11,3.7,Rain,Luxury,1
8,3.6,1.91,31.3,Storm,Luxury,1
0,3.9,1.73,25.2,Snow,Sedan,1
17,4.5,1.38,27.6,Storm,SUV,0
10,3.2,1.64,4.8,Clear,Sedan,0
4,2.5,1.06,5.2,Rain,Sedan,1
20,4.5,2.32,21.5,Storm,Hatchback,1
7,3.8,1.14,37.3,Rain,Luxury,0
2,3.4,2.28,15.1,Fog,Hatchback,1
1,4.5,1.53,2.6,Clear,Hatchback,1
6,4.9,1.19,29.3,Storm,Luxury,1
16,4.0,2.14,38.0,Storm,Bike,1
3,4.3,2.15,27.3,Fog,Sedan,1
5,3.6,2.01,26.6,Storm,Bike,1
11,4.7,2.1,39.9,Snow,Luxury,0
13,4.5,1.65,10.4,Storm,SUV,1
17,4.8,1.51,38.5,Fog,Luxury,1
1,4.9,2.19,21.2,Snow,Sedan,1
7,2.6,1.63,31.1,Snow,Bike,1
18,4.8,1.31,2.5,Snow,SUV,1
11,4.7,1.5,11.0,Snow,Sedan,0
18,4.8,2.47,29.2,Fog,SUV,1
22,4.1,2.64,4.7,Snow,Sedan,0
18,3.1,2.56,37.0,Snow,Hatchback,1
13,3.2,2.74,34.9,Rain,Bike,0
20,4.3,1.76,12.9,Clear,Hatchback,0
4,3.0,2.4,7.0,Fog,Luxury,0
18,3.5,1.44,12.3,Fog,SUV,1
2,3.4,2.49,22.4,Snow,Sedan,1
13,4.3,1.26,6.3,Storm,SUV,0
20,3.7,2.12,39.9,Storm,SUV,1
8,4.3,1.65,37.0,Clear,Sedan,0
13,3.1,1.38,14.4,Clear,Hatchback,1
11,3.8,2.98,18.2,Rain,Luxury,1
7,2.6,1.75,30.6,Clear,Sedan,0
7,4.8,2.85,34.9,Snow,Sedan,1
3,2.9,1.94,13.9,Storm,SUV,1
16,4.3,2.1,25.3,Rain,Sedan,1
21,3.6,1.51,3.3,Rain,Bike,1
14,4.0,1.02,16.2,Snow,Hatchback,0
0,2.9,2.77,16.1,Fog,Bike,0
3,4.7,1.97,24.3,Clear,SUV,1
14,3.7,2.42,2.6,Storm,Hatchback,1
12,4.2,1.04,27.7,Snow,Hatchback,1
16,2.8,1.12,11.0,Fog,Sedan,0
8,2.7,1.68,16.3,Rain,Sedan,0
16,4.9,2.22,25.4,Rain,Luxury,1
4,3.3,1.62,24.6,Fog,Bike,1
20,2.4,2.08,32.2,Rain,Hatchback,1
16,4.7,1.86,36.5,Rain,Bike,0
10,2.2,2.07,29.1,Rain,Hatchback,0
4,4.2,2.53,35.3,Fog,Luxury,1
23,4.8,2.79,37.4,Snow,SUV,0
3,2.4,1.05,39.5,Storm,Hatchback,1
19,2.7,1.46,27.8,Snow,Sedan,1
15,2.4,2.69,19.3,Snow,SUV,0
15,3.4,1.33,9.8,Fog,Sedan,0
13,2.7,2.34,8.9,Rain,Sedan,1
14,4.6,1.98,13.7,Fog,SUV,0
1,3.8,2.65,29.1,Fog,Bike,0
18,3.8,2.05,35.2,Clear,Bike,1
14,4.5,1.08,39.8,Storm,Bike,1
23,2.1,1.77,30.8,Clear,SUV,1
12,4.7,2.55,12.2,Rain,Luxury,1
1,4.1,2.81,19.1,Fog,Sedan,0
3,2.5,2.17,35.9,Storm,SUV,1
10,3.4,1.36,24.0,Rain,Luxury,1
10,4.1,2.81,32.1,Clear,Sedan,1
14,3.9,1.17,28.6,Storm,Bike,0
12,3.7,1.09,7.7,Snow,Bike,0
4,2.5,1.29,31.0,Clear,Luxury,1
23,4.3,1.89,25.4,Clear,SUV,0
0,3.9,1.51,18.9,Fog,Bike,0
19,4.6,1.48,24.0,Fog,Luxury,0
2,3.8,1.01,35.4,Snow,Bike,1
6,2.1,1.3,26.5,Clear,SUV,0
21,3.7,2.21,13.9,Clear,Sedan,1
5,2.5,1.57,26.8,Storm,Bike,1
5,4.9,2.5,15.0,Clear,Sedan,0
10,3.1,1.76,3.6,Fog,Bike,1
15,2.4,2.39,11.7,Storm,Luxury,1
22,2.6,1.12,23.3,Storm,Sedan,1
22,3.8,2.58,28.6,Fog,Bike,0
8,3.6,2.99,14.8,Rain,Bike,1
16,4.2,2.0,32.5,Storm,SUV,0
6,2.0,1.05,25.4,Clear,SUV,0
13,3.2,1.67,22.9,Rain,Sedan,0
22,2.8,2.58,13.0,Storm,Bike,1
0,2.3,1.67,16.4,Storm,Bike,0
5,2.6,2.67,37.0,Fog,Luxury,1
20,2.4,1.31,19.0,Storm,Hatchback,1
13,4.8,1.11,21.3,Storm,Hatchback,0
0,2.6,2.37,32.2,Snow,Sedan,0
8,4.5,1.68,15.6,Storm,SUV,1
12,2.6,1.23,31.5,Snow,Hatchback,0
8,3.2,1.99,10.3,Fog,Hatchback,1
9,2.5,1.75,2.5,Rain,Sedan,1
0,4.4,2.81,7.0,Snow,Luxury,0
16,2.9,1.65,31.0,Clear,Bike,0
4,2.6,1.07,16.1,Storm,Sedan,1
1,4.1,2.19,4.4,Fog,Sedan,1
21,4.2,1.04,30.6,Rain,Hatchback,1
9,2.8,1.64,18.2,Clear,Hatchback,1
8,2.3,2.92,22.8,Clear,SUV,1
17,3.0,1.28,28.5,Snow,Bike,1
2,2.9,2.78,22.1,Clear,SUV,1
21,2.2,1.77,4.4,Fog,SUV,0
18,3.9,2.38,18.4,Snow,Hatchback,1
6,4.1,2.34,21.8,Fog,Bike,1
22,3.4,1.91,27.7,Fog,Luxury,1
7,2.4,2.79,11.1,Snow,Luxury,1
21,3.0,2.72,13.7,Fog,Sedan,1
3,3.1,1.92,7.7,Snow,Bike,1
16,2.3,2.64,32.1,Snow,Bike,1
9,3.6,1.8,17.1,Storm,SUV,1
15,3.2,1.68,32.7,Storm,Luxury,0
13,3.7,1.68,28.1,Rain,Sedan,0
22,3.7,1.97,24.1,Fog,Hatchback,1
14,2.5,2.91,3.7,Clear,Bike,0
12,3.0,2.29,3.4,Rain,SUV,0
20,4.4,2.51,26.8,Fog,Bike,1
19,3.7,1.39,27.6,Snow,Hatchback,1
21,2.9,2.89,18.0,Snow,Sedan,1
19,5.0,1.81,6.0,Snow,Sedan,1
17,4.9,1.0,22.8,Snow,Sedan,0
0,2.7,2.4,16.4,Snow,Luxury,1
13,3.6,2.32,19.5,Rain,Bike,1
11,4.5,1.31,39.9,Rain,SUV,1
20,2.0,2.44,20.0,Fog,SUV,1
20,4.4,2.72,35.8,Storm,Luxury,1
14,3.5,2.1,18.6,Snow,SUV,1
19,2.0,2.0,29.5,Storm,Hatchback,1
17,3.7,1.07,2.5,Fog,Hatchback,1
15,4.9,1.16,29.5,Storm,Hatchback,1
2,3.6,2.22,10.6,Clear,Bike,0
9,3.8,2.81,21.9,Clear,Luxury,1
15,3.7,1.66,14.8,Snow,Hatchback,1
22,4.8,2.5,29.4,Storm,Hatchback,1
15,3.7,2.15,26.6,Snow,Bike,1
15,2.2,2.01,34.2,Snow,Hatchback,1
8,2.8,1.51,29.9,Storm,SUV,0
23,2.5,1.89,32.5,Snow,SUV,1
16,4.6,1.69,4.3,Rain,Bike,0
4,4.5,2.51,17.1,Fog,SUV,0
23,3.9,1.42,29.6,Snow,Sedan,1
3,2.2,1.93,19.6,Fog,Bike,1
21,4.1,1.95,6.7,Fog,Sedan,1
14,3.1,1.63,21.7,Clear,Sedan,0
20,3.1,2.69,24.8,Snow,Hatchback,1
3,2.8,2.17,19.0,Rain,Bike,1
16,3.0,2.38,8.0,Storm,Sedan,1
2,2.0,1.2,5.1,Fog,Hatchback,1
9,2.8,1.07,25.2,Clear,Bike,0
6,4.9,2.28,28.6,Clear,Sedan,0
4,3.1,2.53,26.3,Rain,Sedan,1
8,2.9,2.32,4.0,Fog,Hatchback,0
22,4.7,2.54,13.6,Rain,Sedan,1
1,3.1,1.67,3.3,Snow,SUV,1
15,4.9,1.4,16.3,Fog,Sedan,1
13,2.7,2.29,36.6,Snow,Sedan,1
2,3.7,1.5,18.4,Fog,SUV,0
0,4.8,2.33,11.4,Snow,Luxury,1
16,4.1,2.54,19.6,Fog,Sedan,0
0,3.2,2.38,31.4,Clear,Bike,1
11,3.0,1.61,3.2,Clear,Hatchback,0
10,2.2,1.92,30.9,Rain,SUV,1
12,4.0,1.6,16.2,Clear,Hatchback,0
20,3.3,1.38,2.4,Clear,Bike,1
12,2.2,2.08,13.0,Storm,Luxury,0
0,2.1,1.11,31.7,Clear,Luxury,1
20,4.0,1.92,27.4,Storm,SUV,0
7,4.8,1.07,6.5,Clear,Luxury,0
19,2.1,2.4,6.1,Rain,Sedan,0
3,3.4,1.34,24.1,Clear,Sedan,1
19,2.7,2.61,17.6,Fog,Hatchback,1
21,3.7,1.27,33.6,Rain,Sedan,0
10,2.2,1.55,30.5,Rain,Hatchback,1
14,2.7,2.16,6.2,Storm,Luxury,0
0,4.6,1.16,1.3,Clear,Bike,0
13,4.1,2.58,19.6,Rain,SUV,1
8,3.6,1.82,37.6,Storm,Sedan,1
22,3.5,2.9,25.5,Snow,Hatchback,1
17,2.7,1.24,21.7,Clear,Bike,1
17,3.5,1.93,25.4,Rain,Hatchback,1
3,4.4,2.37,38.8,Fog,Luxury,1
21,4.8,1.11,15.2,Rain,Luxury,1
19,4.4,2.52,2.7,Clear,Bike,1
0,3.5,1.23,35.9,Fog,Bike,1
13,2.6,2.35,13.7,Clear,Hatchback,1
7,4.2,2.74,15.6,Rain,Sedan,1
15,2.2,1.87,9.4,Storm,Luxury,1
11,2.4,2.44,25.6,Snow,SUV,1
1,4.1,1.12,6.3,Fog,Luxury,0
10,2.7,1.59,7.1,Storm,SUV,1
17,4.6,1.17,34.4,Fog,SUV,0
14,2.8,2.46,29.7,Rain,SUV,1
18,2.7,2.85,37.9,Storm,Sedan,1
1,2.1,1.94,31.0,Clear,Luxury,1
15,4.4,2.39,4.8,Fog,SUV,1
0,4.1,1.81,9.5,Snow,Hatchback,1
2,2.0,2.34,7.3,Fog,Bike,1
0,4.9,1.93,6.4,Fog,SUV,0
11,3.9,2.41,1.1,Clear,Luxury,0
10,3.6,1.59,30.4,Storm,Bike,1
6,4.4,1.16,35.4,Clear,Bike,0
21,3.1,1.1,15.9,Fog,Bike,1
11,2.5,2.12,3.6,Rain,SUV,0
7,3.6,2.3,29.8,Storm,SUV,1
7,3.0,2.8,20.6,Fog,Hatchback,1
11,3.0,1.97,21.5,Clear,Luxury,0
21,4.5,2.8,18.6,Snow,Sedan,1
14,2.3,1.78,8.0,Clear,Sedan,1
3,4.1,1.99,35.1,Storm,Sedan,1
21,3.6,1.26,14.5,Fog,Sedan,1
2,2.1,2.6,33.6,Storm,Hatchback,1
10,4.0,2.57,20.0,Storm,Bike,1
9,3.7,2.8,13.0,Snow,SUV,1
9,4.3,1.09,14.8,Fog,SUV,0
5,4.1,1.57,39.0,Rain,SUV,1
1,5.0,2.15,18.2,Snow,SUV,1
22,2.1,1.63,14.4,Snow,Luxury,1
5,3.6,1.24,2.0,Fog,SUV,0
10,2.5,2.94,22.3,Storm,Hatchback,1
9,3.4,1.58,37.8,Storm,SUV,1
23,4.7,1.88,27.9,Fog,Sedan,1
17,2.4,1.05,25.1,Rain,Luxury,1
10,2.2,2.28,23.8,Rain,Hatchback,1
2,3.6,1.89,27.2,Clear,Bike,1
15,3.0,2.21,37.8,Snow,Luxury,1
13,3.1,1.75,12.1,Snow,Hatchback,0
17,2.3,2.46,18.3,Fog,Luxury,1
23,4.9,1.85,36.0,Rain,Bike,1
4,2.6,1.95,34.8,Snow,Sedan,0
18,4.3,1.18,17.0,Snow,Luxury,1
14,4.1,2.51,6.3,Rain,Luxury,1
15,2.1,2.65,33.5,Snow,Luxury,1
14,2.7,2.58,7.0,Snow,Luxury,1
21,4.7,1.83,20.2,Rain,Sedan,1
8,3.5,2.94,24.4,Snow,Bike,1
13,4.6,2.26,19.6,Clear,Hatchback,0
18,2.1,1.52,23.7,Rain,Hatchback,1
22,2.4,1.33,11.6,Fog,Hatchback,1
9,3.6,2.87,21.0,Rain,Sedan,1
5,3.6,2.74,33.2,Snow,Hatchback,1
22,3.1,2.07,14.7,Rain,Sedan,1
9,3.1,1.97,14.3,Rain,Sedan,1
16,2.7,1.38,36.0,Storm,Bike,0
22,3.7,2.51,5.4,Fog,Sedan,1
4,4.8,1.96,13.2,Snow,SUV,0
19,3.6,2.94,7.7,Snow,Sedan,0
3,2.7,2.71,6.6,Rain,Hatchback,1
4,4.9,1.85,30.8,Clear,Sedan,1
15,4.3,1.09,5.2,Storm,Bike,1
3,4.7,1.09,12.8,Clear,Sedan,0
19,2.6,2.8,8.2,Snow,Sedan,1
23,4.8,2.9,14.6,Rain,Bike,0
19,2.7,2.14,4.9,Storm,Sedan,1
22,2.6,1.56,36.2,Storm,Sedan,0
3,4.8,2.84,34.2,Fog,Hatchback,0
5,3.3,2.92,8.1,Snow,Luxury,1
16,2.7,1.23,39.4,Clear,Luxury,1
4,3.5,1.72,12.2,Clear,Sedan,1
3,3.2,1.91,29.7,Fog,SUV,1
9,5.0,1.86,34.4,Fog,Hatchback,1
21,3.5,1.21,18.1,Clear,Sedan,1
12,4.1,2.96,29.9,Rain,Sedan,1
6,3.0,2.19,39.6,Clear,SUV,0
23,3.5,2.53,30.9,Storm,Hatchback,1
20,4.8,1.71,27.0,Fog,Luxury,0
4,4.3,1.22,10.8,Fog,SUV,0
4,2.1,2.48,33.4,Fog,Sedan,0
12,3.8,1.65,12.8,Storm,Sedan,0
21,4.3,2.54,31.9,Rain,Hatchback,0
15,3.5,2.08,32.6,Storm,Bike,1
1,5.0,2.76,5.6,Fog,Hatchback,0
14,3.4,1.07,22.7,Snow,SUV,1
4,2.9,1.78,30.8,Storm,Luxury,1
21,3.6,1.94,22.9,Rain,Bike,1
8,3.5,2.94,25.1,Snow,Hatchback,1
0,3.8,1.26,15.3,Storm,Sedan,0
20,3.0,1.19,14.5,Snow,Luxury,1
21,2.7,1.47,13.2,Clear,Sedan,0
3,3.0,1.04,13.7,Fog,Luxury,0
13,2.8,2.39,23.9,Snow,Luxury,1
10,3.7,2.62,4.9,Rain,Hatchback,1
21,3.0,2.23,15.2,Fog,SUV,1
2,4.5,2.07,12.2,Clear,Hatchback,0
12,4.4,2.25,38.4,Storm,Sedan,1
8,2.2,2.6,19.5,Rain,Hatchback,1
20,4.5,2.01,12.7,Storm,Hatchback,1
12,2.8,2.03,27.2,Storm,SUV,1
20,4.1,2.73,23.5,Rain,Luxury,1
20,3.6,2.23,31.0,Fog,Bike,1
1,3.6,1.73,6.8,Rain,Hatchback,0
13,3.0,2.66,3.5,Rain,Luxury,1
9,3.9,1.51,24.4,Fog,SUV,1
6,2.1,2.59,13.1,Fog,Bike,0
13,3.9,1.07,7.2,Rain,Sedan,1
8,4.0,1.35,34.2,Fog,Sedan,1
2,2.9,1.6,3.5,Fog,Hatchback,1
2,3.2,2.68,33.9,Rain,Sedan,1
16,4.8,2.04,33.3,Storm,Hatchback,1
2,2.7,1.24,32.5,Snow,Bike,1
23,4.2,2.87,9.5,Clear,SUV,1
8,3.3,1.51,24.0,Fog,Bike,1
3,2.9,1.85,27.6,Snow,SUV,1
22,3.1,1.62,26.2,Storm,Sedan,1
21,4.4,1.11,36.8,Rain,Hatchback,0
9,3.9,2.4,36.2,Clear,Bike,0
14,3.2,2.82,16.3,Snow,Hatchback,1
7,2.9,2.72,7.2,Fog,Hatchback,0
20,3.2,1.07,34.8,Fog,Luxury,0
10,4.2,2.75,33.0,Rain,Hatchback,1
11,3.3,2.46,22.4,Snow,Luxury,1
1,3.9,1.37,18.3,Rain,Sedan,1
20,2.9,2.15,5.3,Rain,Bike,1
20,4.3,2.69,27.7,Snow,Luxury,1
23,2.4,1.35,24.1,Snow,Hatchback,1
13,3.1,1.79,15.7,Storm,SUV,1
0,4.8,2.29,25.4,Clear,Luxury,1
22,4.6,1.1,25.1,Storm,Hatchback,1
11,2.5,2.13,1.6,Storm,Luxury,0
14,4.5,1.99,9.8,Rain,SUV,0
8,2.9,1.99,6.1,Rain,Bike,1
9,4.2,1.38,8.0,Rain,Sedan,1
8,2.7,1.9,10.7,Storm,Luxury,1
15,2.4,1.65,28.0,Rain,Luxury,0
23,3.8,1.15,22.7,Clear,Hatchback,0
15,4.7,2.99,37.6,Storm,Sedan,1
16,3.9,1.61,16.4,Snow,SUV,0
17,2.1,1.36,7.6,Fog,Hatchback,0
4,2.3,2.42,17.9,Snow,Sedan,1
4,3.5,2.95,12.0,Snow,Luxury,1
8,3.8,2.52,11.3,Snow,Luxury,0
10,4.2,1.98,38.1,Storm,Luxury,1
4,2.2,1.37,19.3,Rain,Luxury,1
15,2.1,1.71,28.7,Fog,Luxury,1
23,4.6,1.25,4.6,Snow,SUV,0
23,3.5,1.55,35.7,Storm,SUV,1
0,3.6,2.14,17.2,Clear,SUV,0
21,2.3,1.66,12.1,Clear,Luxury,1
3,4.5,1.31,4.2,Fog,Luxury,0
8,3.8,1.01,38.8,Storm,Luxury,1
23,5.0,2.81,32.1,Rain,SUV,0
20,2.8,2.6,30.0,Storm,Bike,1
12,2.8,1.48,31.1,Fog,Sedan,1
6,2.5,2.56,12.1,Rain,Sedan,1
13,4.2,2.84,36.2,Storm,SUV,1
3,4.5,2.03,20.1,Fog,Luxury,1
19,3.3,2.51,32.6,Storm,SUV,1
13,2.3,2.03,39.0,Rain,SUV,0
16,3.9,2.05,12.3,Fog,Sedan,0
15,2.9,2.97,27.7,Snow,SUV,1
9,3.7,2.1,36.8,Storm,Sedan,1
13,2.3,2.32,23.2,Snow,Hatchback,1
2,4.3,1.03,29.9,Fog,SUV,0
12,2.1,1.83,28.5,Snow,Bike,1
21,3.3,2.62,14.3,Rain,SUV,1
23,4.9,1.52,27.3,Fog,Bike,1
12,2.4,1.34,19.6,Fog,Bike,0
9,3.9,2.95,15.1,Fog,Hatchback,1
4,2.0,1.22,1.6,Rain,Sedan,1
20,2.4,1.48,33.8,Storm,SUV,1
14,2.4,1.84,5.5,Rain,Luxury,0
15,2.1,1.9,10.5,Snow,Bike,0
12,2.2,1.02,25.6,Fog,Luxury,0
23,3.7,2.46,40.0,Clear,Luxury,1
16,3.8,2.22,27.5,Fog,SUV,0
16,2.1,2.15,22.6,Snow,Luxury,0
3,3.5,2.88,14.5,Fog,Sedan,1
23,2.6,1.69,10.1,Rain,Bike,0
10,4.8,2.71,28.9,Fog,SUV,0
23,4.1,2.92,33.5,Snow,Luxury,0
5,3.9,1.56,30.2,Fog,SUV,1
5,3.8,1.2,17.2,Fog,Hatchback,1
17,2.1,1.04,35.4,Snow,SUV,1
16,2.1,1.13,17.8,Storm,SUV,1
7,3.5,2.99,31.6,Clear,Bike,1
4,4.6,2.75,24.6,Clear,Sedan,0
14,4.4,2.93,30.5,Clear,Bike,0
3,4.5,1.08,5.1,Clear,SUV,0
5,4.2,2.42,30.7,Fog,Sedan,1
11,3.0,1.28,34.1,Fog,Luxury,0
0,2.7,2.62,14.3,Storm,SUV,1
11,4.1,1.83,25.5,Rain,SUV,0
16,3.3,1.46,32.3,Fog,Luxury,0
16,4.4,1.72,2.2,Rain,Sedan,0
16,4.8,1.17,13.3,Rain,Luxury,1
1,4.0,2.28,36.2,Clear,Bike,0
13,3.2,2.36,22.6,Snow,Hatchback,0
0,4.5,2.8,24.8,Rain,Luxury,1
6,4.7,2.25,25.1,Fog,Hatchback,0
20,3.2,1.39,12.8,Clear,Bike,1
23,4.2,2.76,21.3,Storm,Hatchback,1
16,3.7,2.04,30.5,Rain,Sedan,1
17,3.8,1.48,31.2,Fog,Bike,1
1,4.5,1.52,20.8,Clear,Sedan,0
3,3.3,2.14,1.2,Snow,SUV,1
18,3.7,2.79,25.5,Storm,Bike,1
9,2.9,2.57,28.9,Rain,Luxury,1
7,2.3,2.03,8.5,Snow,Luxury,1
22,3.3,1.82,4.6,Fog,SUV,1
14,2.2,2.35,16.7,Storm,Bike,1
8,3.8,2.27,39.9,Fog,Luxury,0
4,3.5,1.97,18.9,Storm,Bike,1
6,3.4,1.07,7.1,Storm,Hatchback,0
3,3.8,1.82,5.7,Storm,Hatchback,1
4,2.4,1.61,15.6,Snow,Luxury,1
4,2.4,2.18,2.9,Snow,Hatchback,1
23,3.5,1.24,14.6,Clear,Luxury,0
9,3.7,2.8,31.5,Fog,Bike,1
4,3.5,1.92,18.5,Fog,SUV,0
10,2.3,2.25,25.3,Fog,SUV,0
10,3.6,2.92,35.7,Snow,Sedan,0
22,2.1,2.26,31.1,Snow,Bike,1
20,3.7,1.38,25.1,Storm,Sedan,0
16,2.6,1.95,36.0,Clear,Bike,1
0,2.8,1.41,33.4,Storm,Luxury,1
17,3.8,1.8,2.8,Clear,Hatchback,0
13,2.1,2.06,15.9,Clear,Sedan,0
17,2.5,1.29,11.0,Clear,SUV,1
13,4.0,1.12,38.5,Rain,Sedan,0
9,3.2,1.64,17.1,Snow,Hatchback,1
3,2.2,1.48,24.3,Rain,Luxury,1
16,3.2,1.23,3.4,Fog,Bike,1
15,2.1,2.27,36.6,Clear,Hatchback,1
18,4.0,1.49,22.6,Rain,Hatchback,0
14,2.3,2.27,8.9,Rain,Hatchback,1
5,4.3,2.08,17.5,Storm,Luxury,1
14,4.9,2.24,26.5,Rain,Sedan,1
15,2.8,1.5,27.5,Snow,SUV,1
16,2.8,1.32,21.8,Clear,Hatchback,1
22,2.4,1.28,22.7,Snow,Luxury,1
16,4.9,1.64,27.6,Snow,Hatchback,0
22,3.4,1.49,39.3,Snow,SUV,1
19,3.0,2.83,6.2,Clear,Bike,1
0,4.0,1.83,35.9,Fog,Luxury,0
20,4.0,2.08,35.8,Fog,Sedan,1
12,4.5,1.72,7.9,Clear,Sedan,0
6,3.3,1.44,1.8,Snow,Hatchback,1
19,3.9,2.62,9.6,Fog,Hatchback,1
15,4.7,2.41,9.2,Rain,Luxury,1
8,3.7,1.99,22.5,Storm,Bike,1
2,3.8,2.49,6.0,Storm,SUV,0
23,4.3,1.38,27.4,Storm,Bike,1
17,4.6,1.0,17.7,Clear,Hatchback,0
13,2.8,2.36,19.2,Snow,Bike,1
23,2.7,1.56,17.4,Fog,Hatchback,1
6,3.0,2.76,32.5,Rain,Luxury,0
7,2.6,1.66,3.5,Clear,Sedan,1
0,3.8,2.25,14.0,Snow,SUV,1
7,4.9,2.67,33.0,Storm,SUV,0
19,3.9,2.53,25.4,Storm,Sedan,1
1,4.8,1.75,35.7,Clear,SUV,1
14,2.2,2.22,17.8,Clear,Sedan,1
9,4.5,1.8,25.1,Fog,SUV,0
21,3.9,1.91,19.1,Fog,Bike,0
10,4.0,2.35,2.0,Storm,Hatchback,1
3,2.3,2.19,3.6,Rain,Bike,1
16,2.8,1.84,29.3,Fog,SUV,1
1,2.2,1.62,18.0,Snow,Hatchback,1
17,4.3,1.29,13.0,Snow,Hatchback,1
0,3.6,2.32,6.6,Rain,Bike,0
17,4.6,1.84,8.6,Rain,SUV,0
10,2.6,1.95,28.0,Fog,Bike,0
18,3.7,1.67,12.7,Snow,SUV,1
1,3.5,2.84,25.9,Rain,Luxury,1
7,3.4,2.54,32.8,Fog,SUV,1
0,3.1,1.15,2.2,Clear,SUV,1
6,3.9,2.83,15.0,Clear,SUV,1
5,2.7,1.52,7.8,Storm,SUV,1
0,2.5,1.52,4.9,Rain,Luxury,1
3,3.0,1.42,18.8,Snow,Hatchback,1
16,4.9,3.0,35.4,Clear,Sedan,1
4,4.4,1.38,15.7,Snow,Hatchback,0
20,2.7,1.09,25.0,Rain,Bike,1
4,3.0,1.11,32.0,Rain,Bike,0
15,2.6,1.16,19.4,Storm,Sedan,1
12,4.3,2.29,20.9,Fog,Bike,1
10,4.1,2.05,19.8,Fog,Luxury,1
12,3.9,2.58,26.3,Rain,SUV,0
14,4.6,1.79,12.9,Fog,Bike,1
11,2.8,1.17,30.3,Snow,Luxury,1
7,3.8,1.93,25.2,Fog,Luxury,1
13,3.1,2.0,11.6,Clear,SUV,0
8,3.9,1.72,4.2,Storm,Bike,1
2,4.4,2.85,4.8,Clear,Hatchback,1
6,3.0,2.35,10.8,Snow,SUV,0
4,5.0,2.5,29.9,Snow,Sedan,0
9,4.5,2.57,16.7,Fog,Bike,0
0,3.4,2.03,30.7,Rain,Luxury,1
23,4.2,1.95,21.1,Storm,Luxury,0
14,3.0,1.17,34.0,Fog,Luxury,1
14,4.6,1.06,6.4,Rain,Hatchback,0
0,3.5,2.32,14.8,Rain,Luxury,1
12,4.3,2.38,12.7,Storm,Sedan,1
1,4.8,1.31,38.2,Snow,Bike,1
19,4.7,2.15,16.2,Fog,SUV,0
2,3.6,1.38,5.2,Storm,Luxury,0
9,2.3,1.21,22.6,Clear,Bike,1
5,2.6,2.82,16.0,Rain,SUV,1
16,2.2,1.11,21.2,Rain,Hatchback,0
13,3.2,2.98,6.0,Fog,Luxury,0
12,4.9,2.73,6.1,Rain,Hatchback,1
22,4.0,1.32,23.4,Snow,Bike,1
22,4.1,1.55,1.3,Rain,Luxury,1
12,3.8,1.49,13.8,Storm,Luxury,0
18,2.1,1.18,26.2,Fog,Hatchback,0
22,4.4,1.78,33.1,Rain,Luxury,1
19,4.2,1.92,36.5,Rain,Bike,1
22,4.8,1.48,35.0,Snow,Bike,1
2,4.1,2.44,9.5,Fog,Luxury,0
17,2.4,1.74,30.5,Storm,Hatchback,1
5,2.8,2.01,19.0,Clear,Luxury,1
23,3.2,1.39,2.5,Snow,Sedan,0
4,3.0,2.5,19.9,Clear,Sedan,1
7,4.1,1.88,19.4,Snow,SUV,1
0,3.8,1.35,5.8,Fog,SUV,1
0,4.0,1.31,15.0,Rain,Sedan,0
17,2.6,2.39,33.6,Storm,Sedan,1
9,3.3,2.2,2.9,Fog,SUV,0
11,4.7,1.4,1.6,Clear,Sedan,0
6,4.0,1.13,38.4,Clear,SUV,0
1,3.2,1.22,13.8,Storm,SUV,1
17,3.2,1.86,10.1,Clear,Hatchback,1
0,3.2,1.63,16.2,Fog,SUV,1
8,3.9,1.74,3.6,Rain,Luxury,1
19,3.5,2.98,28.8,Storm,SUV,1
3,3.8,2.96,28.2,Rain,Hatchback,1
22,3.0,2.7,19.8,Snow,Sedan,1
18,3.3,2.02,29.9,Storm,Bike,1
0,2.7,2.23,36.0,Snow,SUV,1
7,3.9,1.12,15.6,Snow,SUV,1
6,3.9,1.48,29.3,Fog,Hatchback,1
10,3.9,2.52,21.3,Fog,Hatchback,0
7,4.5,1.66,10.4,Storm,Sedan,0
21,5.0,2.6,28.2,Rain,Bike,0
16,3.0,1.88,1.2,Fog,Sedan,0
1,3.9,1.28,9.0,Clear,SUV,0
6,2.7,1.16,29.3,Snow,SUV,0
7,3.3,2.21,12.8,Storm,Luxury,0
6,2.8,2.56,4.1,Snow,Luxury,1
15,3.3,2.01,29.7,Rain,Luxury,1
12,3.3,1.17,36.4,Snow,Bike,1
17,4.2,1.51,19.1,Fog,Hatchback,1
19,3.4,1.67,28.9,Rain,SUV,0
0,2.0,2.0,29.3,Fog,Luxury,0
12,4.9,1.75,20.1,Storm,Sedan,1
1,5.0,1.25,37.4,Rain,SUV,0
8,4.3,2.5,14.6,Fog,Hatchback,0
20,3.2,1.85,10.6,Fog,Sedan,0
11,3.9,2.35,28.2,Rain,Hatchback,1
21,2.4,1.49,23.6,Rain,Sedan,1
2,3.9,2.83,16.5,Storm,Sedan,1
6,4.6,1.33,17.6,Snow,Bike,0
21,4.7,2.17,29.6,Clear,Sedan,0
11,4.4,1.54,9.2,Fog,Hatchback,1
5,4.4,1.0,3.7,Fog,Bike,1
9,4.2,1.34,15.6,Rain,SUV,0
16,4.8,1.9,32.8,Rain,SUV,1
5,4.4,1.38,39.3,Fog,Luxury,0
19,2.3,2.27,4.1,Clear,Luxury,1
2,3.0,2.17,19.6,Clear,Sedan,1
0,4.0,2.58,2.6,Rain,Bike,0
12,3.8,2.97,30.7,Fog,Luxury,0
19,3.3,1.74,35.7,Snow,SUV,0
21,3.2,2.22,39.0,Snow,Sedan,1
22,3.2,2.67,37.1,Clear,Bike,1
16,2.8,2.4,32.8,Snow,Luxury,1
21,4.6,2.03,26.7,Clear,Hatchback,1
11,4.6,2.94,29.7,Fog,SUV,0
12,4.2,2.59,14.6,Fog,Sedan,0
9,3.8,2.42,34.9,Storm,Bike,1
15,4.4,1.6,27.2,Storm,Luxury,1
14,4.9,1.96,22.1,Rain,SUV,1
21,4.1,1.21,39.7,Clear,SUV,0
10,4.7,2.53,9.6,Snow,Luxury,0
21,2.4,1.27,21.8,Fog,Sedan,0
10,4.6,2.86,30.9,Storm,Sedan,1
12,4.7,2.49,29.3,Storm,Luxury,0
7,2.8,1.58,5.3,Snow,Bike,0
23,4.8,2.15,6.0,Snow,Luxury,1
0,2.9,2.18,8.4,Fog,Luxury,1
11,4.4,2.87,5.9,Storm,Bike,1
12,2.0,2.7,13.3,Snow,SUV,1
14,2.4,1.57,30.1,Clear,Bike,1
16,5.0,1.25,39.9,Storm,Luxury,0
6,3.5,2.41,15.7,Snow,SUV,0
6,4.5,2.87,9.8,Clear,SUV,0
23,3.2,2.97,26.7,Rain,Sedan,1
10,3.3,1.95,14.6,Fog,Luxury,1
23,2.8,2.39,8.6,Storm,Luxury,1
10,4.3,2.16,32.4,Snow,Luxury,0
18,2.4,2.39,12.4,Rain,SUV,1
23,2.6,2.3,15.1,Storm,Sedan,1
4,3.1,2.97,27.5,Rain,Sedan,1
15,2.5,1.1,39.2,Snow,Bike,1
4,3.9,1.81,2.3,Rain,Luxury,1
22,3.8,1.34,30.1,Clear,Luxury,0
20,3.1,2.26,18.4,Clear,Sedan,1
3,3.5,2.34,20.9,Clear,Bike,1
18,3.4,2.39,4.7,Storm,SUV,1
20,4.1,1.6,5.9,Snow,Sedan,0
17,2.6,2.63,1.8,Storm,Bike,1
16,3.5,2.04,23.8,Clear,SUV,0
3,2.5,2.2,8.0,Storm,Luxury,1
3,2.1,2.15,26.5,Clear,Bike,1
1,2.3,1.25,12.6,Storm,SUV,1
21,2.0,1.6,37.9,Storm,Hatchback,1
14,2.4,1.98,13.2,Snow,Bike,1
6,4.1,2.33,2.7,Clear,SUV,1
6,4.9,2.2,9.4,Snow,Hatchback,1
19,3.3,2.1,11.2,Rain,Luxury,1
8,4.0,2.88,6.6,Rain,Sedan,0
8,5.0,2.39,8.5,Snow,Bike,0
16,3.8,1.84,7.0,Fog,Luxury,1
19,2.7,1.54,21.7,Storm,Luxury,1
20,2.3,2.82,31.3,Rain,SUV,1
3,3.1,2.94,15.8,Clear,Sedan,1
23,4.6,2.18,32.5,Clear,Bike,1
18,4.6,2.1,24.7,Clear,SUV,1
12,2.5,2.61,27.4,Storm,Bike,1
12,3.4,1.26,1.4,Storm,SUV,0
4,3.1,2.47,3.1,Snow,SUV,1
13,4.1,1.37,39.5,Fog,Bike,1
13,3.6,2.44,37.0,Rain,Hatchback,1
2,4.8,1.81,13.2,Clear,Sedan,1
7,4.8,1.33,3.2,Snow,Bike,0
0,4.9,1.85,20.8,Rain,Luxury,1
21,5.0,2.78,28.2,Fog,Sedan,0
23,2.0,1.85,21.8,Snow,SUV,0
21,4.9,2.65,35.3,Storm,Bike,1
14,4.9,2.35,35.4,Storm,SUV,1
11,4.5,2.03,38.1,Fog,Luxury,1
11,4.9,1.68,27.5,Storm,Sedan,1
15,2.9,1.43,29.8,Storm,Luxury,1
9,4.8,2.92,21.1,Clear,Luxury,0
15,2.2,1.01,19.0,Snow,Hatchback,1
11,4.7,1.37,14.8,Clear,Luxury,0
2,3.6,2.8,17.0,Fog,Sedan,1
21,2.8,1.94,15.6,Snow,Luxury,0
17,4.4,1.22,18.1,Fog,SUV,1
23,3.3,1.72,35.0,Rain,Sedan,1
1,2.4,1.84,13.9,Clear,SUV,0
15,4.9,2.97,5.6,Fog,Bike,0
21,4.1,1.65,30.8,Fog,Bike,0
23,4.5,1.78,5.3,Clear,Sedan,1
11,3.5,2.53,10.2,Snow,Luxury,0
23,2.0,1.96,12.0,Clear,Luxury,1
4,4.2,1.37,12.0,Clear,Hatchback,0
7,4.0,1.86,19.5,Clear,Bike,0
6,5.0,2.18,25.7,Rain,Sedan,1
1,2.8,1.38,6.7,Clear,Bike,1
1,3.1,2.05,28.3,Rain,SUV,1
15,2.2,1.85,3.0,Clear,Hatchback,1
11,4.1,1.49,35.9,Rain,Sedan,1
21,4.2,1.42,19.4,Storm,Sedan,1
8,4.8,1.73,12.9,Clear,Sedan,0
4,3.0,2.48,15.1,Storm,Bike,1
7,4.0,1.42,16.0,Clear,SUV,0
19,2.4,2.17,36.6,Rain,SUV,1
3,2.2,2.09,14.4,Fog,SUV,1
4,2.1,1.38,22.5,Snow,Bike,0
11,3.3,2.43,36.5,Clear,Luxury,1
16,4.4,1.33,11.7,Rain,Hatchback,1
18,2.2,2.94,8.4,Fog,Luxury,0
16,4.9,1.33,30.3,Fog,Bike,0
12,3.8,1.41,1.1,Storm,SUV,0
0,4.6,2.58,18.8,Storm,Hatchback,1
7,2.9,1.54,5.6,Rain,Sedan,1
9,2.1,1.3,35.5,Rain,Hatchback,0
1,3.9,1.5,33.1,Storm,Sedan,1
11,3.9,2.94,13.7,Storm,Hatchback,0
13,4.7,1.59,39.4,Clear,Hatchback,1
8,2.5,2.94,22.0,Storm,Sedan,1
22,3.1,2.31,34.9,Storm,Bike,1
14,2.7,1.54,23.7,Fog,SUV,1
23,4.2,1.74,36.2,Clear,Luxury,1
5,4.4,1.35,23.2,Rain,Hatchback,1
5,4.7,2.63,27.8,Rain,Sedan,1
13,2.7,2.82,38.8,Clear,Bike,1
0,3.8,1.76,1.8,Clear,Sedan,1
2,2.8,2.88,24.4,Clear,Sedan,1
10,4.6,1.17,6.4,Storm,Luxury,0
9,3.0,1.31,3.2,Snow,Bike,1
1,2.3,1.59,21.0,Fog,SUV,1
7,2.1,1.85,6.7,Snow,SUV,0
21,3.2,2.77,33.1,Clear,Luxury,1
3,2.7,2.91,12.0,Clear,Bike,1
11,4.8,2.84,35.9,Storm,SUV,1
16,3.0,1.36,17.6,Snow,Bike,0
11,4.6,1.54,20.5,Snow,Hatchback,0
22,4.4,2.58,34.6,Rain,SUV,1
12,3.3,2.59,39.1,Clear,Sedan,1
23,2.8,1.18,39.8,Rain,Luxury,1
15,3.3,2.39,17.1,Snow,SUV,0
20,4.8,1.77,22.4,Storm,Bike,1
17,4.5,1.77,23.7,Fog,Bike,0
22,4.4,1.44,4.4,Snow,Sedan,1
0,3.1,1.95,6.2,Clear,Sedan,0
11,4.5,2.73,32.9,Snow,Luxury,1
17,4.9,2.83,10.5,Rain,Sedan,0
3,4.9,2.41,15.7,Clear,Luxury,1
22,2.3,2.16,19.6,Storm,SUV,1
11,2.4,1.49,1.5,Fog,SUV,0
15,4.2,2.5,28.2,Snow,Luxury,1
10,3.3,2.29,1.5,Clear,SUV,1
20,2.1,2.5,20.6,Clear,Luxury,0
21,4.8,1.91,28.7,Snow,Bike,1
22,2.7,2.86,11.6,Clear,Bike,1
4,4.2,1.8,3.2,Fog,SUV,0
17,3.8,1.15,28.0,Fog,Hatchback,0
12,4.5,1.33,32.3,Fog,SUV,1
3,2.2,2.21,34.0,Clear,SUV,1
17,2.3,1.42,1.4,Snow,SUV,1
20,4.8,1.48,4.3,Storm,Bike,1
15,2.1,1.63,37.8,Clear,Hatchback,0
12,3.5,1.63,16.2,Snow,SUV,0
3,3.0,2.79,20.6,Storm,SUV,1
12,3.4,2.74,2.5,Rain,SUV,0
2,4.7,1.19,29.0,Rain,SUV,0
5,5.0,2.0,39.7,Storm,Bike,0
10,3.3,1.26,12.3,Storm,Luxury,1
22,4.3,1.78,9.1,Storm,Bike,1
4,3.7,2.99,4.8,Clear,SUV,0
9,3.6,2.94,31.5,Clear,Luxury,1
10,2.5,1.59,3.7,Storm,Hatchback,1
2,2.5,2.54,11.1,Fog,Hatchback,1
14,4.0,1.28,5.8,Storm,Luxury,1
9,3.2,2.71,36.8,Rain,Luxury,1
19,4.9,1.75,27.6,Storm,Luxury,1
21,2.1,2.95,3.2,Rain,Bike,1
3,2.9,1.32,16.6,Clear,SUV,1
14,4.0,1.7,19.3,Storm,Luxury,1
5,4.2,2.83,37.0,Fog,SUV,1
2,3.0,2.99,20.0,Fog,Sedan,1
1,3.6,2.9,6.7,Rain,Hatchback,1
19,4.3,1.12,32.5,Fog,Luxury,1
6,4.6,2.91,27.7,Snow,Hatchback,1
2,2.4,1.55,4.2,Fog,Luxury,1
21,4.7,1.37,3.1,Fog,Hatchback,0
9,2.5,1.7,17.3,Fog,Bike,1
5,4.9,1.87,36.6,Storm,Luxury,0
17,4.3,2.19,4.0,Storm,Bike,1
21,5.0,2.88,30.0,Snow,Sedan,1
14,4.8,2.0,13.3,Fog,Hatchback,0
0,5.0,2.89,34.4,Fog,Bike,1
6,4.2,1.38,28.2,Rain,Bike,1
11,2.6,1.38,27.5,Clear,Hatchback,0
0,2.9,1.61,32.9,Clear,Luxury,1
14,3.2,1.7,33.3,Fog,Bike,0
10,2.3,1.35,17.7,Rain,Bike,0
17,3.3,1.57,26.7,Fog,Hatchback,1
3,5.0,2.61,5.0,Clear,Bike,0
3,3.5,2.5,37.2,Clear,Luxury,1
1,4.0,2.7,9.3,Fog,Bike,1
6,4.6,2.9,14.7,Fog,Luxury,0
20,4.1,2.48,1.3,Snow,SUV,1
8,4.6,1.53,33.7,Fog,SUV,1
13,2.1,1.05,31.8,Storm,Bike,1
5,4.9,2.99,10.4,Fog,SUV,0
12,4.5,2.6,23.5,Rain,Luxury,0
5,3.2,1.64,7.2,Rain,Sedan,0
4,3.5,2.26,31.6,Snow,Bike,1
10,2.6,1.19,18.1,Storm,SUV,1
22,3.6,2.94,23.3,Clear,SUV,0
20,3.9,1.72,10.3,Rain,Hatchback,1
7,4.2,2.61,15.7,Snow,Sedan,1
4,3.9,2.28,23.6,Clear,Sedan,1
19,2.4,1.28,11.2,Rain,Sedan,1
11,4.7,1.42,4.9,Clear,Luxury,1
20,2.2,2.37,15.6,Snow,Luxury,1
5,2.9,2.81,26.7,Storm,Sedan,1
10,5.0,1.97,24.9,Storm,Sedan,1
23,2.8,1.24,24.6,Storm,Sedan,1
4,2.6,1.73,36.0,Clear,Hatchback,1
2,4.2,2.88,11.4,Fog,SUV,0
11,4.1,2.3,19.2,Fog,Luxury,0
12,4.8,1.5,8.7,Snow,Luxury,1
18,2.9,2.59,38.2,Fog,Luxury,0
13,3.8,1.54,13.4,Clear,Bike,0
6,3.7,1.75,25.7,Clear,Luxury,1
1,4.9,1.51,17.0,Storm,Bike,1
0,2.3,2.62,17.7,Rain,Hatchback,1
6,4.0,1.74,31.4,Clear,Sedan,1
0,4.2,1.43,23.1,Snow,SUV,0
12,2.9,1.42,9.5,Storm,Hatchback,0
21,2.2,2.79,17.4,Fog,Hatchback,0
6,2.6,2.61,20.4,Snow,Luxury,1
14,2.5,1.65,15.9,Storm,Sedan,1
20,4.3,2.15,1.2,Fog,Hatchback,1
12,2.1,2.07,21.6,Snow,Sedan,1
3,4.5,1.83,12.7,Snow,Hatchback,1
17,4.3,1.99,2.8,Snow,Luxury,0
20,4.9,1.24,15.6,Storm,Sedan,1
1,4.5,1.28,39.7,Fog,SUV,1
6,4.2,2.62,32.8,Storm,Sedan,0
1,2.8,2.57,5.3,Snow,Sedan,1
22,3.8,2.62,11.5,Rain,SUV,1
3,2.4,2.72,30.4,Fog,Luxury,1
16,3.6,2.16,26.8,Snow,Hatchback,0
15,2.7,1.53,12.6,Clear,Hatchback,0
7,4.0,2.47,9.0,Clear,Sedan,0
1,2.6,2.34,19.3,Fog,SUV,1
10,2.6,2.18,21.6,Snow,Hatchback,1
20,2.5,2.01,36.7,Rain,Hatchback,1
14,4.6,2.03,31.4,Rain,Sedan,1
5,4.1,2.9,23.5,Clear,SUV,1
3,4.2,1.48,35.9,Rain,Hatchback,1
21,3.6,1.7,5.6,Storm,Sedan,1
6,2.5,2.0,20.8,Clear,Luxury,1
3,2.1,1.77,37.2,Rain,Hatchback,1
5,3.8,2.06,20.3,Fog,Sedan,1
20,2.7,1.22,5.5,Clear,Bike,1
2,3.6,1.55,35.4,Fog,Luxury,1
7,4.2,2.76,11.5,Rain,SUV,0
11,3.9,2.41,12.2,Clear,Sedan,1
22,3.9,2.48,34.2,Rain,SUV,1
2,2.5,1.66,18.8,Clear,Luxury,1
0,2.5,1.53,4.0,Clear,Bike,1
15,3.7,1.98,10.7,Clear,Sedan,0
18,4.0,1.58,9.9,Storm,SUV,0
3,2.3,2.61,14.1,Fog,Hatchback,0
8,4.0,1.51,18.9,Snow,Hatchback,0
16,4.3,2.71,36.2,Storm,Luxury,1
21,3.6,2.28,6.8,Fog,SUV,0
4,3.1,1.06,23.5,Fog,Hatchback,1
2,2.6,2.91,25.9,Snow,Bike,1
14,5.0,2.75,7.8,Snow,Hatchback,1
13,4.8,1.55,8.4,Storm,Bike,0
19,2.4,2.59,23.1,Snow,Hatchback,1
0,3.5,2.37,19.2,Rain,Bike,0
19,3.7,1.33,20.0,Clear,Hatchback,1
1,2.7,2.65,5.8,Fog,Hatchback,1
11,4.0,1.0,10.8,Snow,Hatchback,0
16,4.0,2.54,7.0,Clear,Hatchback,1
23,2.6,2.17,4.1,Rain,Sedan,1
11,2.7,2.36,16.1,Fog,Sedan,0
9,3.8,1.35,18.0,Snow,Bike,1
6,2.8,1.83,8.8,Snow,Sedan,1
20,3.4,1.37,31.5,Fog,Sedan,1
14,4.1,2.01,27.7,Snow,Luxury,1
14,3.3,1.82,2.1,Storm,Sedan,0
13,2.3,1.28,36.4,Rain,Bike,1
4,3.9,2.8,35.2,Clear,Luxury,1
21,2.0,2.61,35.1,Fog,Sedan,1
8,4.5,2.3,14.0,Clear,Hatchback,0
22,3.0,1.12,29.9,Storm,Sedan,1
16,2.4,2.48,20.3,Rain,SUV,1
9,4.2,2.87,32.4,Storm,SUV,1
0,2.5,2.76,21.3,Rain,SUV,1
0,4.5,1.89,3.2,Clear,Hatchback,0
5,4.5,2.68,22.3,Storm,Luxury,0
19,2.4,1.29,1.8,Rain,SUV,1
23,4.1,1.4,19.7,Snow,Sedan,0
15,3.1,1.55,16.0,Clear,Luxury,1
13,2.4,1.57,5.7,Fog,Sedan,0
1,3.9,2.79,25.2,Clear,Hatchback,0
14,4.6,1.92,1.4,Rain,Hatchback,0
16,2.6,2.81,21.5,Storm,Sedan,1
4,3.1,2.44,14.2,Rain,Hatchback,1
21,2.9,1.79,36.7,Fog,Luxury,0
19,4.0,2.15,37.2,Storm,Hatchback,1
10,3.8,2.16,23.8,Fog,Sedan,1
23,2.5,1.19,5.1,Fog,Hatchback,0
23,4.4,1.21,35.3,Fog,Luxury,0
1,3.8,1.23,34.0,Clear,Luxury,0
19,3.9,1.06,7.8,Clear,Luxury,0
20,3.7,1.4,10.8,Fog,Hatchback,1
23,2.5,2.63,32.5,Rain,Sedan,1
20,4.9,1.19,2.3,Rain,Sedan,0
13,3.7,2.73,14.3,Storm,Luxury,1
6,3.7,1.95,14.7,Storm,Bike,0
2,3.3,2.25,35.1,Storm,Sedan,1
16,2.9,1.24,10.0,Storm,Bike,1
7,4.5,1.58,33.3,Fog,Hatchback,1
5,4.9,1.15,23.4,Storm,Bike,1
12,3.9,2.09,35.8,Storm,Luxury,0
8,4.0,1.06,17.4,Rain,Hatchback,0
1,2.4,2.09,29.6,Clear,SUV,1
18,4.7,2.41,30.9,Clear,Hatchback,0
13,3.8,2.22,4.1,Storm,Luxury,0
8,4.2,1.21,20.4,Rain,Hatchback,0
9,4.3,2.75,9.9,Clear,Sedan,0
6,3.6,2.72,27.6,Clear,Bike,1
12,4.3,2.39,17.8,Fog,Bike,1
14,2.4,2.23,36.2,Snow,SUV,1
1,2.7,1.18,1.4,Fog,Bike,1
0,4.6,1.5,3.2,Clear,SUV,0
9,2.1,1.7,26.6,Rain,Hatchback,1
12,3.4,1.24,4.0,Snow,Bike,1
22,4.2,1.71,36.7,Rain,Luxury,0
11,4.3,1.59,26.5,Storm,Hatchback,1
17,3.5,1.11,36.1,Storm,Luxury,1
6,4.7,2.68,21.3,Snow,Bike,1
11,4.2,2.58,2.4,Rain,Luxury,0
14,4.9,1.04,33.6,Snow,Hatchback,0
9,4.5,1.17,11.9,Storm,Luxury,0
12,3.2,1.09,9.0,Rain,Luxury,0
21,2.9,2.08,14.6,Clear,Bike,0
10,4.8,2.81,32.6,Storm,SUV,0
10,4.2,2.24,34.8,Clear,Sedan,0
23,4.8,1.57,39.6,Storm,Luxury,1
23,3.7,2.04,7.3,Fog,Luxury,0
7,2.4,1.03,32.2,Snow,Sedan,0
17,2.9,2.14,2.5,Snow,Hatchback,1
8,4.3,2.62,24.7,Clear,Hatchback,0
10,4.5,2.7,18.3,Clear,Luxury,1
1,4.9,1.96,33.9,Rain,Luxury,1
2,2.8,2.22,13.2,Clear,Luxury,1
8,2.8,1.99,9.9,Rain,SUV,0
20,2.1,1.23,2.5,Storm,Luxury,1
1,3.7,1.46,38.1,Snow,Hatchback,1
11,3.6,1.09,10.2,Clear,Sedan,0
3,3.5,1.47,13.7,Snow,Luxury,1
13,4.6,1.29,13.7,Snow,Hatchback,0
20,3.1,2.88,12.5,Clear,SUV,1
9,4.8,2.82,2.0,Storm,SUV,0
16,4.1,2.48,31.6,Snow,SUV,1
18,2.1,2.45,15.9,Clear,Sedan,0
7,3.7,3.0,25.6,Fog,Bike,1
16,4.4,2.21,26.7,Storm,Luxury,1
6,4.5,1.59,10.5,Rain,Hatchback,1
10,4.2,1.23,10.4,Fog,Hatchback,1
17,3.5,2.83,26.5,Storm,SUV,1
13,2.7,2.66,39.5,Storm,SUV,1
13,4.0,2.33,24.6,Snow,Hatchback,1
2,3.2,2.01,6.8,Fog,SUV,0
14,2.0,1.24,11.3,Storm,Luxury,0
4,4.6,2.67,1.9,Rain,Sedan,1
16,4.8,2.81,14.8,Fog,Bike,1
9,2.4,2.79,36.0,Storm,Bike,1
23,2.1,2.48,14.8,Fog,Luxury,1
23,4.5,1.58,19.6,Rain,SUV,0
18,4.7,2.87,4.3,Clear,Bike,0
21,3.9,1.76,18.1,Storm,Bike,1
3,2.7,1.99,2.9,Storm,Bike,1
13,2.9,1.77,30.5,Rain,Sedan,0
23,4.6,2.46,17.8,Snow,Bike,0
10,2.3,1.57,5.6,Snow,Luxury,1
5,2.9,2.84,39.6,Clear,SUV,1
4,2.3,2.1,20.8,Rain,Sedan,1
1,4.9,2.08,32.2,Clear,Luxury,0
0,3.1,1.56,38.0,Fog,Luxury,1
14,2.9,1.22,28.5,Clear,Luxury,0
15,2.8,2.73,39.7,Clear,Hatchback,0
23,4.4,2.45,13.8,Storm,Hatchback,1
20,4.2,2.34,3.9,Snow,Sedan,1
22,4.4,1.64,33.8,Clear,Sedan,1
18,3.1,2.89,27.3,Snow,Luxury,1
5,4.2,1.57,8.7,Clear,Bike,0
23,2.6,1.87,20.1,Storm,SUV,1
1,3.3,1.53,15.8,Storm,SUV,1
15,3.6,2.91,35.2,Rain,Hatchback,1
15,4.4,1.78,14.9,Fog,Hatchback,1
3,4.9,2.79,30.8,Fog,Luxury,1
21,3.3,1.35,38.3,Clear,Hatchback,0
22,2.4,2.76,33.8,Fog,Bike,1
7,2.1,1.54,9.4,Fog,Sedan,1
10,2.8,1.64,16.3,Fog,Luxury,1
1,2.8,2.46,14.3,Clear,Hatchback,1
7,3.7,1.33,9.0,Clear,Bike,0
4,3.8,1.04,29.2,Fog,Sedan,0
10,4.7,2.53,22.6,Clear,Bike,1
17,2.6,1.31,21.9,Rain,Hatchback,0
11,3.0,1.43,29.6,Clear,Sedan,0
16,2.3,1.8,19.9,Rain,Hatchback,1
7,3.9,2.38,2.3,Clear,Luxury,0
4,4.5,2.75,34.6,Clear,Sedan,1
22,4.3,1.83,1.6,Storm,Bike,0
3,4.2,2.59,8.6,Storm,Hatchback,0
13,3.5,1.05,11.7,Rain,Sedan,1
20,3.7,1.75,17.8,Rain,Luxury,0
15,2.9,2.41,20.8,Fog,Sedan,0
23,3.2,1.75,22.3,Clear,Luxury,1
0,3.2,1.46,15.4,Storm,Sedan,1
10,2.4,2.26,4.3,Storm,SUV,1
15,3.8,1.17,16.7,Fog,Bike,0
18,4.3,1.12,20.2,Fog,Hatchback,0
4,2.1,2.38,24.4,Clear,Hatchback,1
17,4.4,2.09,13.2,Rain,Hatchback,1
15,3.5,2.72,39.7,Clear,Sedan,1
2,3.1,2.51,7.3,Clear,SUV,1
3,2.1,1.85,7.7,Storm,Luxury,1
17,3.3,1.02,5.6,Snow,Hatchback,1
19,4.7,2.13,7.5,Snow,Bike,0
19,4.9,1.74,24.6,Fog,Luxury,1
10,4.8,2.44,34.2,Rain,SUV,1
15,2.0,1.83,6.9,Clear,Sedan,1
6,2.6,1.19,18.9,Clear,Sedan,0
19,2.5,1.7,22.8,Rain,Hatchback,1
6,2.8,2.64,34.9,Storm,Hatchback,1
12,4.8,2.12,26.0,Rain,Sedan,0
3,4.2,1.56,11.3,Clear,SUV,0
18,3.9,1.77,23.5,Storm,Bike,1
23,4.6,2.34,19.5,Rain,Sedan,0
6,2.3,2.61,6.7,Rain,Luxury,0
10,2.2,2.94,6.3,Fog,Luxury,0
10,2.9,2.52,10.4,Fog,Luxury,0
22,3.4,1.62,21.4,Storm,Sedan,1
6,4.9,2.89,33.5,Rain,Luxury,0
15,4.1,1.5,5.7,Fog,Hatchback,1
11,4.6,2.54,14.5,Fog,SUV,0
6,3.1,1.36,30.2,Clear,SUV,0
16,2.6,2.17,13.8,Snow,Hatchback,1
0,3.8,1.07,11.7,Fog,Luxury,1
22,4.1,1.55,3.2,Storm,Sedan,0
15,5.0,2.26,20.1,Fog,Bike,0
1,3.1,2.23,28.8,Rain,SUV,1
3,2.2,2.27,3.4,Clear,Bike,1
6,4.0,2.47,14.0,Snow,SUV,0
18,4.2,1.73,1.6,Fog,Luxury,0
21,2.2,1.39,30.7,Rain,Hatchback,1
14,2.1,2.22,27.9,Fog,SUV,1
0,2.9,2.12,5.6,Fog,Bike,0
2,3.7,1.93,5.5,Clear,SUV,0
5,3.0,2.25,1.8,Rain,Sedan,1
11,3.4,2.75,37.8,Snow,SUV,1
23,2.4,1.11,28.5,Rain,Hatchback,1
10,3.2,2.67,11.6,Rain,SUV,0
8,4.1,1.53,20.1,Storm,Hatchback,1
20,3.6,2.66,27.8,Rain,Sedan,0
18,3.2,2.08,9.2,Fog,Hatchback,1
21,4.4,1.41,28.3,Storm,Bike,0
8,2.3,2.55,11.1,Fog,Hatchback,1
3,3.6,2.26,19.5,Fog,Bike,1
18,3.1,2.18,2.3,Clear,Hatchback,0
0,2.5,1.95,14.1,Clear,SUV,0
9,2.5,2.09,30.3,Fog,Bike,1
18,4.1,2.46,19.5,Rain,Hatchback,0
19,3.0,2.36,12.7,Rain,Bike,1
13,4.3,2.91,16.6,Clear,SUV,0
9,4.7,2.93,37.8,Rain,Bike,0
4,4.0,2.58,3.1,Clear,Hatchback,0
4,4.4,1.92,7.4,Clear,SUV,1
5,2.9,1.16,10.2,Rain,Luxury,1
7,2.5,2.11,31.2,Clear,Luxury,1
3,3.4,2.37,28.3,Fog,Luxury,1
22,2.7,2.83,16.1,Snow,SUV,1
10,4.7,2.64,29.5,Fog,Bike,1
2,3.0,2.34,38.8,Clear,SUV,0
5,4.3,1.74,14.3,Clear,Bike,0
12,4.7,2.29,6.4,Rain,Sedan,1
13,2.3,1.77,8.0,Rain,Hatchback,1
21,4.5,1.07,38.4,Fog,SUV,1
21,3.6,1.21,32.4,Snow,Sedan,0
12,4.4,1.02,13.4,Storm,Bike,1
14,2.0,2.31,27.1,Fog,Sedan,1
8,4.2,1.23,32.5,Fog,Bike,1
15,4.1,2.69,38.9,Clear,SUV,0
17,4.3,2.74,4.1,Clear,Hatchback,0
22,3.8,1.4,32.7,Fog,Luxury,1
9,2.1,2.74,18.9,Clear,Bike,1
8,3.3,2.35,30.9,Clear,Bike,1
9,3.1,1.04,13.7,Clear,Bike,1
23,2.1,2.48,10.7,Clear,Bike,1
23,2.4,1.99,35.8,Snow,Luxury,1
7,4.8,2.81,37.4,Storm,Bike,1
2,3.0,1.08,24.8,Clear,Luxury,0
23,2.2,2.85,30.2,Fog,Luxury,1
23,2.8,2.31,35.4,Fog,Sedan,1
18,2.8,1.61,21.0,Rain,Sedan,1
15,2.6,2.87,11.7,Rain,Hatchback,1
1,3.8,2.82,27.5,Snow,Sedan,1
0,4.3,2.31,11.7,Fog,Bike,0
20,3.0,1.44,1.7,Snow,SUV,1
9,4.2,2.22,19.0,Fog,Bike,1
12,3.4,2.12,14.4,Snow,Hatchback,0
4,3.4,2.49,9.2,Rain,Luxury,1
1,4.0,2.14,4.1,Fog,Bike,0
2,2.6,2.97,15.4,Snow,Hatchback,1
14,2.1,2.25,7.5,Snow,Bike,1
0,4.3,1.57,30.0,Rain,Luxury,0
4,3.1,2.9,5.8,Fog,SUV,1
3,3.7,1.36,7.2,Fog,Bike,1
6,3.3,2.2,13.5,Snow,Sedan,1
21,4.9,2.52,13.4,Storm,Bike,1
12,3.5,1.93,33.2,Fog,SUV,0
5,3.2,1.01,33.4,Fog,SUV,1
3,3.2,2.31,39.0,Fog,SUV,1
19,2.7,2.22,20.6,Clear,Bike,1
13,4.8,1.65,10.7,Storm,Luxury,0
11,2.1,2.2,31.8,Fog,Bike,1
6,4.6,1.32,15.4,Rain,SUV,0
22,4.8,1.65,12.4,Clear,SUV,0
14,2.7,2.21,39.6,Rain,Luxury,1
3,4.4,2.68,35.0,Rain,SUV,1
2,2.0,1.06,27.4,Storm,Luxury,0
2,4.3,2.92,35.5,Storm,Sedan,1
19,3.9,2.07,1.9,Fog,Sedan,1
12,4.5,2.45,2.6,Fog,Bike,0
14,3.3,1.25,6.7,Snow,Bike,0
3,4.2,1.73,26.6,Rain,SUV,0
6,2.8,1.66,28.1,Fog,Luxury,0
8,3.0,2.38,13.9,Fog,Hatchback,1
19,2.1,1.28,21.3,Clear,SUV,0
18,3.1,1.58,37.8,Rain,Bike,1
15,4.1,2.35,7.0,Rain,SUV,0
12,2.8,1.46,34.2,Storm,Hatchback,1
0,2.8,2.44,30.1,Storm,Luxury,1
5,4.9,2.29,23.9,Storm,Hatchback,1
12,4.6,1.97,7.6,Storm,Luxury,1
12,2.0,2.89,14.4,Snow,SUV,1
8,3.8,2.46,5.7,Rain,Hatchback,1
18,4.7,2.81,33.8,Storm,SUV,1
11,4.0,1.8,4.9,Snow,Bike,1
17,4.9,2.69,22.0,Clear,Sedan,0
16,2.7,1.51,29.8,Rain,SUV,0
14,2.5,2.96,11.4,Snow,Sedan,0
23,4.5,1.13,36.2,Storm,Hatchback,1
7,2.7,2.52,19.6,Clear,Bike,0
1,3.0,2.27,8.7,Clear,Luxury,1
6,2.3,2.18,24.3,Snow,Bike,1
13,4.6,1.22,35.6,Rain,Bike,0
19,4.3,2.98,10.8,Fog,Bike,1
20,2.5,2.01,21.1,Snow,Hatchback,1
7,3.0,2.36,20.6,Fog,Sedan,0
5,3.5,1.64,39.0,Fog,Luxury,1
2,4.3,2.35,4.7,Fog,Hatchback,0
17,4.5,1.39,5.2,Rain,SUV,1
9,3.0,2.06,5.0,Snow,Bike,1
21,2.5,1.31,30.9,Rain,SUV,0
5,3.0,2.03,19.5,Storm,Luxury,1
8,2.7,1.53,37.4,Snow,Hatchback,1
10,4.2,2.66,13.3,Snow,Luxury,0
13,2.0,2.88,3.2,Fog,Hatchback,0
4,4.9,2.53,1.8,Rain,SUV,0
8,2.9,1.75,13.6,Fog,Hatchback,1
23,2.6,1.43,20.6,Snow,Sedan,1
5,3.0,1.96,29.1,Fog,Sedan,1
12,4.1,2.82,20.0,Snow,Bike,1
1,2.3,2.28,11.8,Snow,Luxury,0
3,3.4,2.76,3.9,Fog,SUV,0
18,2.9,1.4,4.4,Rain,Hatchback,1
21,2.8,2.06,12.4,Clear,SUV,0
2,4.6,2.4,29.8,Snow,Luxury,0
6,2.6,1.94,19.0,Snow,SUV,0
22,2.8,2.21,37.4,Rain,Sedan,1
13,3.2,1.97,2.9,Storm,Sedan,0
16,3.1,2.13,39.8,Storm,Hatchback,1
15,2.8,1.67,3.6,Clear,Bike,1
17,4.3,2.06,32.1,Clear,Bike,0
19,4.0,1.38,3.9,Fog,Hatchback,0
23,2.5,1.66,8.1,Storm,Hatchback,1
22,4.2,2.9,35.7,Fog,Bike,1
19,4.5,1.04,9.8,Fog,SUV,1
7,3.8,2.54,21.8,Rain,Bike,0
22,4.6,1.31,31.1,Rain,Hatchback,1
0,3.6,2.89,2.5,Rain,Bike,1
2,3.0,1.63,10.0,Rain,SUV,1
13,5.0,1.47,36.9,Snow,Sedan,1
14,2.4,2.9,2.0,Rain,Luxury,1
14,3.2,1.41,15.8,Clear,Sedan,0
16,4.7,2.45,5.7,Rain,Sedan,0
23,3.8,2.5,13.4,Rain,SUV,0
16,3.1,1.51,5.4,Fog,Sedan,1
13,3.2,2.71,14.8,Snow,Sedan,1
20,2.9,3.0,4.3,Fog,Luxury,1
8,4.2,2.79,2.8,Rain,SUV,0
4,3.6,1.28,19.3,Clear,Sedan,0
6,4.6,2.32,15.5,Fog,SUV,1
5,4.8,2.93,29.9,Rain,Hatchback,0
3,4.4,1.06,9.0,Fog,Hatchback,0
8,3.9,1.06,2.0,Clear,Luxury,1
4,4.7,1.09,15.7,Storm,Bike,1
3,2.0,2.79,4.6,Clear,Sedan,0
14,5.0,2.71,21.9,Rain,Bike,0
0,2.9,1.94,36.2,Rain,Hatchback,1
11,4.9,2.34,4.8,Fog,Bike,1
7,3.5,2.61,6.6,Clear,Sedan,0
9,4.7,1.21,9.8,Rain,Hatchback,1
14,4.0,2.04,23.5,Snow,SUV,1
11,4.0,2.16,37.5,Clear,Luxury,0
6,4.9,1.03,25.8,Rain,SUV,0
0,3.7,1.97,14.4,Storm,Luxury,1
6,3.4,1.53,18.2,Snow,Bike,0
10,5.0,1.37,14.3,Fog,Bike,0
3,4.0,1.68,21.2,Clear,Hatchback,1
0,4.9,1.25,9.9,Fog,Sedan,1
22,2.9,2.75,13.0,Fog,Bike,0
2,4.9,2.94,8.1,Storm,SUV,1
21,2.7,1.03,29.6,Snow,Bike,1
4,3.7,2.06,2.8,Storm,Hatchback,1
22,4.8,2.06,15.6,Clear,SUV,0
19,2.7,2.86,28.9,Storm,Bike,1
6,2.8,2.92,38.0,Snow,Luxury,0
13,4.7,1.94,6.3,Snow,Sedan,1
22,3.7,1.62,37.0,Storm,Bike,0
1,4.3,1.28,19.8,Rain,SUV,1
5,3.9,1.78,8.5,Snow,Sedan,1
8,2.4,1.8,29.3,Storm,SUV,1
4,4.0,2.52,1.4,Clear,Bike,1
3,4.3,2.2,10.1,Fog,Hatchback,0
17,4.2,1.91,3.7,Snow,Hatchback,0
1,3.1,2.78,5.4,Fog,Luxury,1
22,4.1,2.59,30.6,Rain,Bike,1
23,3.8,2.2,15.1,Fog,Luxury,1
20,2.3,2.54,33.9,Snow,Hatchback,1
10,3.3,2.67,39.3,Clear,Sedan,1
15,2.7,1.99,24.1,Snow,Sedan,0
22,3.5,2.21,23.1,Storm,Bike,1
21,3.1,2.2,24.0,Clear,Bike,1
7,3.1,2.35,36.2,Fog,Luxury,1
1,3.0,2.58,34.2,Storm,Bike,1
12,4.4,2.26,31.3,Clear,SUV,0
0,3.9,1.66,12.4,Fog,Sedan,0
8,3.1,2.37,14.7,Rain,Hatchback,1
1,3.0,2.4,25.8,Rain,SUV,1
17,3.9,2.48,30.4,Rain,Luxury,0
10,3.1,2.08,32.4,Rain,Hatchback,0
3,4.7,1.18,16.8,Storm,Luxury,0
12,2.6,2.71,19.9,Snow,Luxury,0
5,4.9,1.65,5.3,Storm,Hatchback,0
22,3.9,1.59,22.8,Rain,Luxury,0
2,2.6,1.18,24.3,Fog,Hatchback,1
10,3.6,1.79,36.9,Clear,Hatchback,0
2,3.0,1.45,33.2,Rain,Bike,1
8,2.1,1.45,28.1,Rain,SUV,0
14,3.9,1.43,1.5,Rain,Sedan,0
15,4.5,1.83,22.5,Storm,SUV,1
16,3.7,2.25,35.7,Fog,Hatchback,0
11,4.4,1.53,15.4,Rain,Hatchback,0
2,4.9,1.27,34.5,Rain,Bike,1
3,4.9,2.57,20.8,Fog,Bike,1
19,2.7,1.7,28.4,Storm,SUV,1
18,4.5,1.92,18.1,Storm,Luxury,1
5,2.1,1.9,26.4,Snow,Luxury,0
4,2.2,1.71,38.2,Snow,Bike,1
23,2.1,2.2,17.8,Rain,Luxury,1
14,2.9,2.39,12.9,Rain,Bike,0
16,4.8,1.29,22.0,Storm,Hatchback,0
19,2.2,2.51,23.9,Clear,Bike,1
13,4.2,2.47,10.7,Storm,SUV,0
0,3.9,1.99,5.7,Clear,Sedan,0
18,4.1,2.37,32.4,Fog,Luxury,1
10,2.5,1.62,7.9,Fog,Hatchback,1
5,2.8,1.4,14.7,Clear,Hatchback,1
3,3.6,1.04,24.6,Storm,Sedan,1
3,2.5,2.93,21.6,Clear,Hatchback,1
0,4.4,2.14,15.6,Clear,SUV,1
19,3.5,2.07,39.1,Clear,SUV,0
18,2.5,1.88,34.0,Rain,Bike,1
14,2.1,1.08,22.0,Clear,Hatchback,0
3,3.0,1.36,21.2,Clear,Luxury,1
4,5.0,2.84,37.6,Storm,Luxury,1
3,4.0,1.13,10.6,Rain,SUV,0
15,2.6,1.81,15.0,Fog,Bike,1
16,2.3,2.31,36.6,Storm,Bike,1
16,3.2,2.09,8.8,Snow,SUV,1
6,2.9,2.25,16.8,Fog,Sedan,1
15,2.3,2.12,24.8,Snow,Luxury,0
9,4.3,2.4,21.6,Clear,SUV,0
9,4.7,2.5,23.3,Rain,Hatchback,0
17,2.1,2.93,16.0,Snow,Bike,1
21,4.6,2.48,21.4,Rain,Bike,1
22,2.1,1.43,18.8,Rain,SUV,0
2,4.1,1.99,23.3,Storm,Sedan,1
12,2.6,2.38,37.0,Clear,SUV,0
10,5.0,2.97,33.2,Snow,Luxury,1
4,3.8,2.24,11.1,Fog,Bike,0
20,2.9,2.88,26.5,Snow,Luxury,1
13,4.5,1.75,33.9,Rain,Luxury,1
0,3.9,1.79,28.1,Fog,SUV,0
7,2.2,1.23,7.2,Fog,Sedan,1
10,2.5,2.48,38.3,Fog,Hatchback,1
9,4.6,1.52,30.7,Fog,SUV,0
17,4.5,1.4,21.2,Clear,Luxury,0
3,2.7,2.67,8.2,Clear,SUV,1
11,3.3,1.29,24.3,Clear,Bike,0
6,4.3,2.45,2.7,Clear,SUV,0
8,4.8,1.7,8.8,Clear,Luxury,0
9,3.5,1.45,25.5,Snow,Luxury,1
14,2.2,1.49,21.6,Storm,SUV,1
10,2.2,2.37,17.0,Storm,Sedan,1
5,4.2,1.64,2.5,Clear,SUV,1
0,3.7,2.63,31.0,Clear,SUV,0
1,3.7,1.15,26.3,Fog,Bike,0
9,4.1,1.77,36.5,Rain,Luxury,0
11,4.9,2.27,19.7,Rain,Luxury,0
11,2.7,1.57,29.5,Fog,Hatchback,0
11,4.2,1.86,12.7,Clear,Luxury,0
17,4.6,2.97,5.9,Snow,SUV,0
13,4.7,1.92,18.6,Fog,Luxury,0
